episode,step,s_x,s_y,action,reward,next_s_x,next_s_y,done
0,0,0,3,0,-1,0,2,0
0,1,0,2,0,-1,0,1,0
0,2,0,1,0,-1,0,0,0
0,3,0,0,0,-1,0,0,0
0,4,0,0,1,-1,0,1,0
0,5,0,1,3,-1,1,1,0
0,6,1,1,0,-1,1,0,0
0,7,1,0,0,-1,1,0,0
0,8,1,0,1,-1,1,1,0
0,9,1,1,1,-1,1,2,0
0,10,1,2,0,-1,1,1,0
0,11,1,1,2,-1,0,1,0
0,12,0,1,1,-1,0,2,0
0,13,0,2,1,-1,0,3,0
0,14,0,3,1,-1,0,3,0
0,15,0,3,2,-1,0,3,0
0,16,0,3,3,-1,1,3,0
0,17,1,3,0,-1,1,2,0
0,18,1,2,1,-1,1,3,0
0,19,1,3,1,-1,1,3,0
0,20,1,3,2,-1,0,3,0
0,21,0,3,0,-1,0,2,0
0,22,0,2,2,-1,0,2,0
0,23,0,2,3,-1,1,2,0
0,24,1,2,2,-1,0,2,0
0,25,0,2,0,-1,0,1,0
0,26,0,1,2,-1,0,1,0
0,27,0,1,0,-1,0,0,0
0,28,0,0,2,-1,0,0,0
0,29,0,0,3,-1,1,0,0
0,30,1,0,2,-1,0,0,0
0,31,0,0,0,-1,0,0,0
0,32,0,0,1,-1,0,1,0
0,33,0,1,1,-1,0,2,0
0,34,0,2,1,-1,0,3,0
0,35,0,3,1,-1,0,3,0
0,36,0,3,2,-1,0,3,0
0,37,0,3,3,-1,1,3,0
0,38,1,3,3,-1,1,3,0
0,39,1,3,0,-1,1,2,0
0,40,1,2,3,-1,1,2,0
0,41,1,2,0,-1,1,1,0
0,42,1,1,3,-1,1,1,0
0,43,1,1,3,-1,1,1,0
0,44,1,1,0,-1,1,0,0
0,45,1,0,3,-1,2,0,0
0,46,2,0,0,-1,2,0,0
0,47,2,0,1,-1,2,0,0
0,48,2,0,2,-1,1,0,0
0,49,1,0,0,-1,1,0,0
1,0,0,3,0,-1,0,2,0
1,1,0,2,2,-1,0,2,0
1,2,0,2,3,-1,1,2,0
1,3,1,2,1,-1,1,3,0
1,4,1,3,1,-1,1,3,0
1,5,1,3,3,-1,1,3,0
1,6,1,3,2,-1,0,3,0
1,7,0,3,3,-1,1,3,0
1,8,1,3,0,-1,1,2,0
1,9,1,2,3,-1,1,2,0
1,10,1,2,2,-1,0,2,0
1,11,0,2,0,-1,0,1,0
1,12,0,1,3,-1,1,1,0
1,13,1,1,1,-1,1,2,0
1,14,1,2,0,-1,1,1,0
1,15,1,1,2,-1,0,1,0
1,16,0,1,2,-1,0,1,0
1,17,0,1,0,-1,0,0,0
1,18,0,0,2,-1,0,0,0
1,19,0,0,3,-1,1,0,0
1,20,1,0,1,-1,1,1,0
1,21,1,1,0,-1,1,0,0
1,22,1,0,3,-1,2,0,0
1,23,2,0,3,-1,3,0,0
1,24,3,0,2,-1,2,0,0
1,25,2,0,0,-1,2,0,0
1,26,2,0,1,-1,2,0,0
1,27,2,0,3,-1,3,0,0
1,28,3,0,0,-1,3,0,0
1,29,3,0,1,-1,3,1,0
1,30,3,1,0,-1,3,0,0
1,31,3,0,3,-1,4,0,0
1,32,4,0,0,-1,4,0,0
1,33,4,0,1,-1,4,1,0
1,34,4,1,3,-1,4,1,0
1,35,4,1,2,-1,3,1,0
1,36,3,1,1,-1,3,2,0
1,37,3,2,0,-1,3,1,0
1,38,3,1,2,-1,3,1,0
1,39,3,1,3,-1,4,1,0
1,40,4,1,0,-1,4,0,0
1,41,4,0,2,-1,3,0,0
1,42,3,0,1,-1,3,1,0
1,43,3,1,0,-1,3,0,0
1,44,3,0,0,-1,3,0,0
1,45,3,0,3,-1,4,0,0
1,46,4,0,3,-1,4,0,0
1,47,4,0,0,-1,4,0,0
1,48,4,0,1,-1,4,1,0
1,49,4,1,1,-1,4,2,0
2,0,0,3,1,-1,0,3,0
2,1,0,3,2,-1,0,3,0
2,2,0,3,0,-1,0,2,0
2,3,0,2,1,-1,0,3,0
2,4,0,3,3,-1,1,3,0
2,5,1,3,1,-1,1,3,0
2,6,1,3,3,-1,1,3,0
2,7,1,3,0,-1,1,2,0
2,8,1,2,1,-1,1,3,0
2,9,1,3,2,-1,0,3,0
2,10,0,3,1,-1,0,3,0
2,11,0,3,2,-1,0,3,0
2,12,0,3,0,-1,0,2,0
2,13,0,2,2,-1,0,2,0
2,14,0,2,3,-1,1,2,0
2,15,1,2,3,-1,1,2,0
2,16,1,2,0,-1,1,1,0
2,17,1,1,2,-1,0,1,0
2,18,0,1,1,-1,0,2,0
2,19,0,2,0,-1,0,1,0
2,20,0,1,2,-1,0,1,0
2,21,0,1,3,-1,1,1,0
2,22,1,1,3,-1,1,1,0
2,23,1,1,1,-1,1,2,0
2,24,1,2,2,-1,0,2,0
2,25,0,2,2,-1,0,2,0
2,26,0,2,3,-1,1,2,0
2,27,1,2,3,-1,1,2,0
2,28,1,2,0,-1,1,1,0
2,29,1,1,0,-1,1,0,0
2,30,1,0,2,-1,0,0,0
2,31,0,0,0,-1,0,0,0
2,32,0,0,1,-1,0,1,0
2,33,0,1,0,-1,0,0,0
2,34,0,0,2,-1,0,0,0
2,35,0,0,3,-1,1,0,0
2,36,1,0,3,-1,2,0,0
2,37,2,0,2,-1,1,0,0
2,38,1,0,0,-1,1,0,0
2,39,1,0,1,-1,1,1,0
2,40,1,1,0,-1,1,0,0
2,41,1,0,3,-1,2,0,0
2,42,2,0,3,-1,3,0,0
2,43,3,0,2,-1,2,0,0
2,44,2,0,0,-1,2,0,0
2,45,2,0,1,-1,2,0,0
2,46,2,0,3,-1,3,0,0
2,47,3,0,3,-1,4,0,0
2,48,4,0,3,-1,4,0,0
2,49,4,0,2,-1,3,0,0
3,0,0,3,3,-1,1,3,0
3,1,1,3,1,-1,1,3,0
3,2,1,3,3,-1,1,3,0
3,3,1,3,0,-1,1,2,0
3,4,1,2,1,-1,1,3,0
3,5,1,3,2,-1,0,3,0
3,6,0,3,0,-1,0,2,0
3,7,0,2,0,-1,0,1,0
3,8,0,1,2,-1,0,1,0
3,9,0,1,3,-1,1,1,0
3,10,1,1,2,-1,0,1,0
3,11,0,1,1,-1,0,2,0
3,12,0,2,1,-1,0,3,0
3,13,0,3,1,-1,0,3,0
3,14,0,3,2,-1,0,3,0
3,15,0,3,3,-1,1,3,0
3,16,1,3,1,-1,1,3,0
3,17,1,3,3,-1,1,3,0
3,18,1,3,0,-1,1,2,0
3,19,1,2,2,-1,0,2,0
3,20,0,2,1,-1,0,3,0
3,21,0,3,0,-1,0,2,0
3,22,0,2,2,-1,0,2,0
3,23,0,2,3,-1,1,2,0
3,24,1,2,0,-1,1,1,0
3,25,1,1,3,-1,1,1,0
3,26,1,1,1,-1,1,2,0
3,27,1,2,3,-1,1,2,0
3,28,1,2,0,-1,1,1,0
3,29,1,1,0,-1,1,0,0
3,30,1,0,2,-1,0,0,0
3,31,0,0,3,-1,1,0,0
3,32,1,0,0,-1,1,0,0
3,33,1,0,3,-1,2,0,0
3,34,2,0,2,-1,1,0,0
3,35,1,0,1,-1,1,1,0
3,36,1,1,3,-1,1,1,0
3,37,1,1,2,-1,0,1,0
3,38,0,1,0,-1,0,0,0
3,39,0,0,0,-1,0,0,0
3,40,0,0,2,-1,0,0,0
3,41,0,0,1,-1,0,1,0
3,42,0,1,2,-1,0,1,0
3,43,0,1,3,-1,1,1,0
3,44,1,1,2,-1,0,1,0
3,45,0,1,0,-1,0,0,0
3,46,0,0,0,-1,0,0,0
3,47,0,0,3,-1,1,0,0
3,48,1,0,2,-1,0,0,0
3,49,0,0,2,-1,0,0,0
4,0,0,3,1,-1,0,3,0
4,1,0,3,2,-1,0,3,0
4,2,0,3,3,-1,1,3,0
4,3,1,3,2,-1,0,3,0
4,4,0,3,0,-1,0,2,0
4,5,0,2,0,-1,0,1,0
4,6,0,1,1,-1,0,2,0
4,7,0,2,3,-1,1,2,0
4,8,1,2,1,-1,1,3,0
4,9,1,3,0,-1,1,2,0
4,10,1,2,2,-1,0,2,0
4,11,0,2,2,-1,0,2,0
4,12,0,2,0,-1,0,1,0
4,13,0,1,2,-1,0,1,0
4,14,0,1,0,-1,0,0,0
4,15,0,0,1,-1,0,1,0
4,16,0,1,3,-1,1,1,0
4,17,1,1,0,-1,1,0,0
4,18,1,0,3,-1,2,0,0
4,19,2,0,0,-1,2,0,0
4,20,2,0,1,-1,2,0,0
4,21,2,0,3,-1,3,0,0
4,22,3,0,0,-1,3,0,0
4,23,3,0,1,-1,3,1,0
4,24,3,1,1,-1,3,2,0
4,25,3,2,1,-1,3,3,0
4,26,3,3,0,-1,3,2,0
4,27,3,2,2,-1,3,2,0
4,28,3,2,3,-1,4,2,0
4,29,4,2,0,-1,4,1,0
4,30,4,1,2,-1,3,1,0
4,31,3,1,2,-1,3,1,0
4,32,3,1,3,-1,4,1,0
4,33,4,1,0,-1,4,0,0
4,34,4,0,1,-1,4,1,0
4,35,4,1,1,-1,4,2,0
4,36,4,2,1,-1,4,3,0
4,37,4,3,1,-1,4,3,0
4,38,4,3,0,-1,4,2,0
4,39,4,2,2,-1,3,2,0
4,40,3,2,0,-1,3,1,0
4,41,3,1,1,-1,3,2,0
4,42,3,2,1,-1,3,3,0
4,43,3,3,1,-1,3,3,0
4,44,3,3,2,-1,3,3,0
4,45,3,3,3,-1,4,3,0
4,46,4,3,2,-1,3,3,0
4,47,3,3,0,-1,3,2,0
4,48,3,2,2,-1,3,2,0
4,49,3,2,3,-1,4,2,0
5,0,0,3,0,-1,0,2,0
5,1,0,2,1,-1,0,3,0
5,2,0,3,3,-1,1,3,0
5,3,1,3,1,-1,1,3,0
5,4,1,3,3,-1,1,3,0
5,5,1,3,0,-1,1,2,0
5,6,1,2,3,-1,1,2,0
5,7,1,2,0,-1,1,1,0
5,8,1,1,1,-1,1,2,0
5,9,1,2,1,-1,1,3,0
5,10,1,3,2,-1,0,3,0
5,11,0,3,1,-1,0,3,0
5,12,0,3,3,-1,1,3,0
5,13,1,3,1,-1,1,3,0
5,14,1,3,3,-1,1,3,0
5,15,1,3,0,-1,1,2,0
5,16,1,2,0,-1,1,1,0
5,17,1,1,3,-1,1,1,0
5,18,1,1,0,-1,1,0,0
5,19,1,0,0,-1,1,0,0
5,20,1,0,3,-1,2,0,0
5,21,2,0,3,-1,3,0,0
5,22,3,0,3,-1,4,0,0
5,23,4,0,0,-1,4,0,0
5,24,4,0,3,-1,4,0,0
5,25,4,0,1,-1,4,1,0
5,26,4,1,3,-1,4,1,0
5,27,4,1,1,-1,4,2,0
5,28,4,2,3,-1,4,2,0
5,29,4,2,1,-1,4,3,0
5,30,4,3,3,-1,5,3,0
5,31,5,3,0,-1,5,3,0
5,32,5,3,1,-1,5,3,0
5,33,5,3,2,-1,4,3,0
5,34,4,3,0,-1,4,2,0
5,35,4,2,3,-1,4,2,0
5,36,4,2,1,-1,4,3,0
5,37,4,3,3,-1,5,3,0
5,38,5,3,3,-1,6,3,0
5,39,6,3,0,-1,6,2,0
5,40,6,2,0,-1,6,1,0
5,41,6,1,0,-1,6,0,0
5,42,6,0,0,-1,6,0,0
5,43,6,0,1,-1,6,1,0
5,44,6,1,1,-1,6,2,0
5,45,6,2,1,-1,6,3,0
5,46,6,3,1,-1,6,3,0
5,47,6,3,2,-1,5,3,0
5,48,5,3,0,-1,5,3,0
5,49,5,3,1,-1,5,3,0
6,0,0,3,2,-1,0,3,0
6,1,0,3,0,-1,0,2,0
6,2,0,2,3,-1,1,2,0
6,3,1,2,2,-1,0,2,0
6,4,0,2,2,-1,0,2,0
6,5,0,2,0,-1,0,1,0
6,6,0,1,1,-1,0,2,0
6,7,0,2,1,-1,0,3,0
6,8,0,3,1,-1,0,3,0
6,9,0,3,2,-1,0,3,0
6,10,0,3,0,-1,0,2,0
6,11,0,2,0,-1,0,1,0
6,12,0,1,3,-1,1,1,0
6,13,1,1,2,-1,0,1,0
6,14,0,1,0,-1,0,0,0
6,15,0,0,3,-1,1,0,0
6,16,1,0,1,-1,1,1,0
6,17,1,1,0,-1,1,0,0
6,18,1,0,0,-1,1,0,0
6,19,1,0,2,-1,0,0,0
6,20,0,0,0,-1,0,0,0
6,21,0,0,2,-1,0,0,0
6,22,0,0,3,-1,1,0,0
6,23,1,0,3,-1,2,0,0
6,24,2,0,3,-1,3,0,0
6,25,3,0,1,-1,3,1,0
6,26,3,1,0,-1,3,0,0
6,27,3,0,2,-1,2,0,0
6,28,2,0,0,-1,2,0,0
6,29,2,0,1,-1,2,0,0
6,30,2,0,3,-1,3,0,0
6,31,3,0,0,-1,3,0,0
6,32,3,0,3,-1,4,0,0
6,33,4,0,1,-1,4,1,0
6,34,4,1,1,-1,4,2,0
6,35,4,2,0,-1,4,1,0
6,36,4,1,2,-1,3,1,0
6,37,3,1,2,-1,3,1,0
6,38,3,1,3,-1,4,1,0
6,39,4,1,3,-1,4,1,0
6,40,4,1,2,-1,3,1,0
6,41,3,1,1,-1,3,2,0
6,42,3,2,1,-1,3,3,0
6,43,3,3,1,-1,3,3,0
6,44,3,3,2,-1,3,3,0
6,45,3,3,3,-1,4,3,0
6,46,4,3,1,-1,4,3,0
6,47,4,3,1,-1,4,3,0
6,48,4,3,2,-1,3,3,0
6,49,3,3,0,-1,3,2,0
7,0,0,3,3,-1,1,3,0
7,1,1,3,2,-1,0,3,0
7,2,0,3,0,-1,0,2,0
7,3,0,2,0,-1,0,1,0
7,4,0,1,2,-1,0,1,0
7,5,0,1,0,-1,0,0,0
7,6,0,0,1,-1,0,1,0
7,7,0,1,3,-1,1,1,0
7,8,1,1,3,-1,1,1,0
7,9,1,1,1,-1,1,2,0
7,10,1,2,3,-1,1,2,0
7,11,1,2,2,-1,0,2,0
7,12,0,2,3,-1,1,2,0
7,13,1,2,0,-1,1,1,0
7,14,1,1,0,-1,1,0,0
7,15,1,0,3,-1,2,0,0
7,16,2,0,1,-1,2,0,0
7,17,2,0,2,-1,1,0,0
7,18,1,0,3,-1,2,0,0
7,19,2,0,3,-1,3,0,0
7,20,3,0,1,-1,3,1,0
7,21,3,1,1,-1,3,2,0
7,22,3,2,3,-1,4,2,0
7,23,4,2,2,-1,3,2,0
7,24,3,2,2,-1,3,2,0
7,25,3,2,0,-1,3,1,0
7,26,3,1,2,-1,3,1,0
7,27,3,1,2,-1,3,1,0
7,28,3,1,3,-1,4,1,0
7,29,4,1,0,-1,4,0,0
7,30,4,0,2,-1,3,0,0
7,31,3,0,3,-1,4,0,0
7,32,4,0,0,-1,4,0,0
7,33,4,0,3,-1,4,0,0
7,34,4,0,1,-1,4,1,0
7,35,4,1,1,-1,4,2,0
7,36,4,2,3,-1,4,2,0
7,37,4,2,1,-1,4,3,0
7,38,4,3,3,-1,5,3,0
7,39,5,3,3,-1,6,3,0
7,40,6,3,1,-1,6,3,0
7,41,6,3,2,-1,5,3,0
7,42,5,3,2,-1,4,3,0
7,43,4,3,0,-1,4,2,0
7,44,4,2,0,-1,4,1,0
7,45,4,1,3,-1,4,1,0
7,46,4,1,1,-1,4,2,0
7,47,4,2,2,-1,3,2,0
7,48,3,2,1,-1,3,3,0
7,49,3,3,1,-1,3,3,0
8,0,0,3,1,-1,0,3,0
8,1,0,3,1,-1,0,3,0
8,2,0,3,2,-1,0,3,0
8,3,0,3,3,-1,1,3,0
8,4,1,3,1,-1,1,3,0
8,5,1,3,3,-1,1,3,0
8,6,1,3,0,-1,1,2,0
8,7,1,2,1,-1,1,3,0
8,8,1,3,0,-1,1,2,0
8,9,1,2,3,-1,1,2,0
8,10,1,2,0,-1,1,1,0
8,11,1,1,2,-1,0,1,0
8,12,0,1,2,-1,0,1,0
8,13,0,1,0,-1,0,0,0
8,14,0,0,0,-1,0,0,0
8,15,0,0,2,-1,0,0,0
8,16,0,0,3,-1,1,0,0
8,17,1,0,2,-1,0,0,0
8,18,0,0,0,-1,0,0,0
8,19,0,0,2,-1,0,0,0
8,20,0,0,3,-1,1,0,0
8,21,1,0,0,-1,1,0,0
8,22,1,0,1,-1,1,1,0
8,23,1,1,0,-1,1,0,0
8,24,1,0,1,-1,1,1,0
8,25,1,1,3,-1,1,1,0
8,26,1,1,0,-1,1,0,0
8,27,1,0,3,-1,2,0,0
8,28,2,0,3,-1,3,0,0
8,29,3,0,0,-1,3,0,0
8,30,3,0,1,-1,3,1,0
8,31,3,1,1,-1,3,2,0
8,32,3,2,3,-1,4,2,0
8,33,4,2,1,-1,4,3,0
8,34,4,3,3,-1,5,3,0
8,35,5,3,3,-1,6,3,0
8,36,6,3,3,0,7,3,1
9,0,0,3,0,-1,0,2,0
9,1,0,2,2,-1,0,2,0
9,2,0,2,0,-1,0,1,0
9,3,0,1,1,-1,0,2,0
9,4,0,2,3,-1,1,2,0
9,5,1,2,2,-1,0,2,0
9,6,0,2,1,-1,0,3,0
9,7,0,3,3,-1,1,3,0
9,8,1,3,1,-1,1,3,0
9,9,1,3,3,-1,1,3,0
9,10,1,3,2,-1,0,3,0
9,11,0,3,0,-1,0,2,0
9,12,0,2,2,-1,0,2,0
9,13,0,2,0,-1,0,1,0
9,14,0,1,3,-1,1,1,0
9,15,1,1,1,-1,1,2,0
9,16,1,2,0,-1,1,1,0
9,17,1,1,2,-1,0,1,0
9,18,0,1,0,-1,0,0,0
9,19,0,0,1,-1,0,1,0
9,20,0,1,2,-1,0,1,0
9,21,0,1,3,-1,1,1,0
9,22,1,1,0,-1,1,0,0
9,23,1,0,3,-1,2,0,0
9,24,2,0,0,-1,2,0,0
9,25,2,0,3,-1,3,0,0
9,26,3,0,2,-1,2,0,0
9,27,2,0,1,-1,2,0,0
9,28,2,0,3,-1,3,0,0
9,29,3,0,3,-1,4,0,0
9,30,4,0,1,-1,4,1,0
9,31,4,1,0,-1,4,0,0
9,32,4,0,0,-1,4,0,0
9,33,4,0,3,-1,4,0,0
9,34,4,0,2,-1,3,0,0
9,35,3,0,1,-1,3,1,0
9,36,3,1,0,-1,3,0,0
9,37,3,0,0,-1,3,0,0
9,38,3,0,1,-1,3,1,0
9,39,3,1,1,-1,3,2,0
9,40,3,2,2,-1,3,2,0
9,41,3,2,1,-1,3,3,0
9,42,3,3,2,-1,3,3,0
9,43,3,3,3,-1,4,3,0
9,44,4,3,2,-1,3,3,0
9,45,3,3,0,-1,3,2,0
9,46,3,2,1,-1,3,3,0
9,47,3,3,1,-1,3,3,0
9,48,3,3,2,-1,3,3,0
9,49,3,3,3,-1,4,3,0
10,0,0,3,2,-1,0,3,0
10,1,0,3,3,-1,1,3,0
10,2,1,3,0,-1,1,2,0
10,3,1,2,3,-1,1,2,0
10,4,1,2,1,-1,1,3,0
10,5,1,3,0,-1,1,2,0
10,6,1,2,0,-1,1,1,0
10,7,1,1,3,-1,1,1,0
10,8,1,1,0,-1,1,0,0
10,9,1,0,3,-1,2,0,0
10,10,2,0,2,-1,1,0,0
10,11,1,0,3,-1,2,0,0
10,12,2,0,0,-1,2,0,0
10,13,2,0,3,-1,3,0,0
10,14,3,0,3,-1,4,0,0
10,15,4,0,1,-1,4,1,0
10,16,4,1,2,-1,3,1,0
10,17,3,1,1,-1,3,2,0
10,18,3,2,0,-1,3,1,0
10,19,3,1,3,-1,4,1,0
10,20,4,1,3,-1,4,1,0
10,21,4,1,1,-1,4,2,0
10,22,4,2,3,-1,4,2,0
10,23,4,2,2,-1,3,2,0
10,24,3,2,3,-1,4,2,0
10,25,4,2,1,-1,4,3,0
10,26,4,3,1,-1,4,3,0
10,27,4,3,3,-1,5,3,0
10,28,5,3,3,-1,6,3,0
10,29,6,3,3,0,7,3,1
11,0,0,3,0,-1,0,2,0
11,1,0,2,3,-1,1,2,0
11,2,1,2,2,-1,0,2,0
11,3,0,2,0,-1,0,1,0
11,4,0,1,0,-1,0,0,0
11,5,0,0,3,-1,1,0,0
11,6,1,0,0,-1,1,0,0
11,7,1,0,2,-1,0,0,0
11,8,0,0,0,-1,0,0,0
11,9,0,0,2,-1,0,0,0
11,10,0,0,3,-1,1,0,0
11,11,1,0,3,-1,2,0,0
11,12,2,0,1,-1,2,0,0
11,13,2,0,3,-1,3,0,0
11,14,3,0,1,-1,3,1,0
11,15,3,1,2,-1,3,1,0
11,16,3,1,3,-1,4,1,0
11,17,4,1,1,-1,4,2,0
11,18,4,2,0,-1,4,1,0
11,19,4,1,2,-1,3,1,0
11,20,3,1,1,-1,3,2,0
11,21,3,2,2,-1,3,2,0
11,22,3,2,1,-1,3,3,0
11,23,3,3,1,-1,3,3,0
11,24,3,3,2,-1,3,3,0
11,25,3,3,3,-1,4,3,0
11,26,4,3,3,-1,5,3,0
11,27,5,3,3,-1,6,3,0
11,28,6,3,2,-1,5,3,0
11,29,5,3,3,-1,6,3,0
11,30,6,3,3,0,7,3,1
12,0,0,3,1,-1,0,3,0
12,1,0,3,3,-1,1,3,0
12,2,1,3,1,-1,1,3,0
12,3,1,3,3,-1,1,3,0
12,4,1,3,2,-1,0,3,0
12,5,0,3,2,-1,0,3,0
12,6,0,3,0,-1,0,2,0
12,7,0,2,2,-1,0,2,0
12,8,0,2,1,-1,0,3,0
12,9,0,3,1,-1,0,3,0
12,10,0,3,3,-1,1,3,0
12,11,1,3,1,-1,1,3,0
12,12,1,3,3,-1,1,3,0
12,13,1,3,0,-1,1,2,0
12,14,1,2,3,-1,1,2,0
12,15,1,2,0,-1,1,1,0
12,16,1,1,0,-1,1,0,0
12,17,1,0,0,-1,1,0,0
12,18,1,0,3,-1,2,0,0
12,19,2,0,0,-1,2,0,0
12,20,2,0,3,-1,3,0,0
12,21,3,0,1,-1,3,1,0
12,22,3,1,0,-1,3,0,0
12,23,3,0,3,-1,4,0,0
12,24,4,0,0,-1,4,0,0
12,25,4,0,3,-1,4,0,0
12,26,4,0,1,-1,4,1,0
12,27,4,1,0,-1,4,0,0
12,28,4,0,0,-1,4,0,0
12,29,4,0,2,-1,3,0,0
12,30,3,0,2,-1,2,0,0
12,31,2,0,2,-1,1,0,0
12,32,1,0,1,-1,1,1,0
12,33,1,1,1,-1,1,2,0
12,34,1,2,2,-1,0,2,0
12,35,0,2,3,-1,1,2,0
12,36,1,2,1,-1,1,3,0
12,37,1,3,0,-1,1,2,0
12,38,1,2,0,-1,1,1,0
12,39,1,1,2,-1,0,1,0
12,40,0,1,1,-1,0,2,0
12,41,0,2,0,-1,0,1,0
12,42,0,1,0,-1,0,0,0
12,43,0,0,1,-1,0,1,0
12,44,0,1,2,-1,0,1,0
12,45,0,1,3,-1,1,1,0
12,46,1,1,3,-1,1,1,0
12,47,1,1,0,-1,1,0,0
12,48,1,0,3,-1,2,0,0
12,49,2,0,3,-1,3,0,0
13,0,0,3,0,-1,0,2,0
13,1,0,2,0,-1,0,1,0
13,2,0,1,0,-1,0,0,0
13,3,0,0,0,-1,0,0,0
13,4,0,0,3,-1,1,0,0
13,5,1,0,2,-1,0,0,0
13,6,0,0,2,-1,0,0,0
13,7,0,0,1,-1,0,1,0
13,8,0,1,1,-1,0,2,0
13,9,0,2,2,-1,0,2,0
13,10,0,2,3,-1,1,2,0
13,11,1,2,3,-1,1,2,0
13,12,1,2,0,-1,1,1,0
13,13,1,1,2,-1,0,1,0
13,14,0,1,2,-1,0,1,0
13,15,0,1,3,-1,1,1,0
13,16,1,1,0,-1,1,0,0
13,17,1,0,0,-1,1,0,0
13,18,1,0,3,-1,2,0,0
13,19,2,0,1,-1,2,0,0
13,20,2,0,3,-1,3,0,0
13,21,3,0,2,-1,2,0,0
13,22,2,0,3,-1,3,0,0
13,23,3,0,0,-1,3,0,0
13,24,3,0,3,-1,4,0,0
13,25,4,0,1,-1,4,1,0
13,26,4,1,3,-1,4,1,0
13,27,4,1,3,-1,4,1,0
13,28,4,1,1,-1,4,2,0
13,29,4,2,3,-1,4,2,0
13,30,4,2,1,-1,4,3,0
13,31,4,3,0,-1,4,2,0
13,32,4,2,0,-1,4,1,0
13,33,4,1,1,-1,4,2,0
13,34,4,2,2,-1,3,2,0
13,35,3,2,0,-1,3,1,0
13,36,3,1,1,-1,3,2,0
13,37,3,2,3,-1,4,2,0
13,38,4,2,1,-1,4,3,0
13,39,4,3,3,-1,5,3,0
13,40,5,3,3,-1,6,3,0
13,41,6,3,3,0,7,3,1
14,0,0,3,2,-1,0,3,0
14,1,0,3,3,-1,1,3,0
14,2,1,3,2,-1,0,3,0
14,3,0,3,2,-1,0,3,0
14,4,0,3,0,-1,0,2,0
14,5,0,2,1,-1,0,3,0
14,6,0,3,1,-1,0,3,0
14,7,0,3,1,-1,0,3,0
14,8,0,3,3,-1,1,3,0
14,9,1,3,1,-1,1,3,0
14,10,1,3,3,-1,1,3,0
14,11,1,3,0,-1,1,2,0
14,12,1,2,2,-1,0,2,0
14,13,0,2,2,-1,0,2,0
14,14,0,2,0,-1,0,1,0
14,15,0,1,0,-1,0,0,0
14,16,0,0,3,-1,1,0,0
14,17,1,0,3,-1,2,0,0
14,18,2,0,3,-1,3,0,0
14,19,3,0,1,-1,3,1,0
14,20,3,1,2,-1,3,1,0
14,21,3,1,3,-1,4,1,0
14,22,4,1,3,-1,4,1,0
14,23,4,1,2,-1,3,1,0
14,24,3,1,1,-1,3,2,0
14,25,3,2,2,-1,3,2,0
14,26,3,2,1,-1,3,3,0
14,27,3,3,0,-1,3,2,0
14,28,3,2,1,-1,3,3,0
14,29,3,3,3,-1,4,3,0
14,30,4,3,2,-1,3,3,0
14,31,3,3,1,-1,3,3,0
14,32,3,3,2,-1,3,3,0
14,33,3,3,3,-1,4,3,0
14,34,4,3,1,-1,4,3,0
14,35,4,3,1,-1,4,3,0
14,36,4,3,3,-1,5,3,0
14,37,5,3,3,-1,6,3,0
14,38,6,3,3,0,7,3,1
15,0,0,3,0,-1,0,2,0
15,1,0,2,3,-1,1,2,0
15,2,1,2,0,-1,1,1,0
15,3,1,1,3,-1,1,1,0
15,4,1,1,1,-1,1,2,0
15,5,1,2,3,-1,1,2,0
15,6,1,2,1,-1,1,3,0
15,7,1,3,0,-1,1,2,0
15,8,1,2,0,-1,1,1,0
15,9,1,1,0,-1,1,0,0
15,10,1,0,1,-1,1,1,0
15,11,1,1,2,-1,0,1,0
15,12,0,1,3,-1,1,1,0
15,13,1,1,0,-1,1,0,0
15,14,1,0,3,-1,2,0,0
15,15,2,0,0,-1,2,0,0
15,16,2,0,1,-1,2,0,0
15,17,2,0,3,-1,3,0,0
15,18,3,0,2,-1,2,0,0
15,19,2,0,3,-1,3,0,0
15,20,3,0,1,-1,3,1,0
15,21,3,1,2,-1,3,1,0
15,22,3,1,1,-1,3,2,0
15,23,3,2,3,-1,4,2,0
15,24,4,2,3,-1,4,2,0
15,25,4,2,1,-1,4,3,0
15,26,4,3,3,-1,5,3,0
15,27,5,3,3,-1,6,3,0
15,28,6,3,3,0,7,3,1
16,0,0,3,3,-1,1,3,0
16,1,1,3,1,-1,1,3,0
16,2,1,3,2,-1,0,3,0
16,3,0,3,2,-1,0,3,0
16,4,0,3,0,-1,0,2,0
16,5,0,2,1,-1,0,3,0
16,6,0,3,0,-1,0,2,0
16,7,0,2,0,-1,0,1,0
16,8,0,1,1,-1,0,2,0
16,9,0,2,2,-1,0,2,0
16,10,0,2,3,-1,1,2,0
16,11,1,2,2,-1,0,2,0
16,12,0,2,0,-1,0,1,0
16,13,0,1,2,-1,0,1,0
16,14,0,1,0,-1,0,0,0
16,15,0,0,0,-1,0,0,0
16,16,0,0,2,-1,0,0,0
16,17,0,0,3,-1,1,0,0
16,18,1,0,3,-1,2,0,0
16,19,2,0,3,-1,3,0,0
16,20,3,0,0,-1,3,0,0
16,21,3,0,3,-1,4,0,0
16,22,4,0,3,-1,4,0,0
16,23,4,0,1,-1,4,1,0
16,24,4,1,1,-1,4,2,0
16,25,4,2,1,-1,4,3,0
16,26,4,3,3,-1,5,3,0
16,27,5,3,0,-1,5,3,0
16,28,5,3,1,-1,5,3,0
16,29,5,3,3,-1,6,3,0
16,30,6,3,3,0,7,3,1
17,0,0,3,1,-1,0,3,0
17,1,0,3,3,-1,1,3,0
17,2,1,3,3,-1,1,3,0
17,3,1,3,0,-1,1,2,0
17,4,1,2,0,-1,1,1,0
17,5,1,1,3,-1,1,1,0
17,6,1,1,0,-1,1,0,0
17,7,1,0,2,-1,0,0,0
17,8,0,0,3,-1,1,0,0
17,9,1,0,0,-1,1,0,0
17,10,1,0,3,-1,2,0,0
17,11,2,0,2,-1,1,0,0
17,12,1,0,0,-1,1,0,0
17,13,1,0,3,-1,2,0,0
17,14,2,0,3,-1,3,0,0
17,15,3,0,3,-1,4,0,0
17,16,4,0,2,-1,3,0,0
17,17,3,0,1,-1,3,1,0
17,18,3,1,0,-1,3,0,0
17,19,3,0,0,-1,3,0,0
17,20,3,0,1,-1,3,1,0
17,21,3,1,3,-1,4,1,0
17,22,4,1,1,-1,4,2,0
17,23,4,2,2,-1,3,2,0
17,24,3,2,2,-1,3,2,0
17,25,3,2,0,-1,3,1,0
17,26,3,1,1,-1,3,2,0
17,27,3,2,1,-1,3,3,0
17,28,3,3,3,-1,4,3,0
17,29,4,3,3,-1,5,3,0
17,30,5,3,3,-1,6,3,0
17,31,6,3,2,-1,5,3,0
17,32,5,3,3,-1,6,3,0
17,33,6,3,3,0,7,3,1
18,0,0,3,0,-1,0,2,0
18,1,0,2,0,-1,0,1,0
18,2,0,1,0,-1,0,0,0
18,3,0,0,0,-1,0,0,0
18,4,0,0,1,-1,0,1,0
18,5,0,1,3,-1,1,1,0
18,6,1,1,1,-1,1,2,0
18,7,1,2,3,-1,1,2,0
18,8,1,2,0,-1,1,1,0
18,9,1,1,0,-1,1,0,0
18,10,1,0,3,-1,2,0,0
18,11,2,0,0,-1,2,0,0
18,12,2,0,2,-1,1,0,0
18,13,1,0,3,-1,2,0,0
18,14,2,0,3,-1,3,0,0
18,15,3,0,3,-1,4,0,0
18,16,4,0,0,-1,4,0,0
18,17,4,0,3,-1,4,0,0
18,18,4,0,1,-1,4,1,0
18,19,4,1,0,-1,4,0,0
18,20,4,0,2,-1,3,0,0
18,21,3,0,3,-1,4,0,0
18,22,4,0,1,-1,4,1,0
18,23,4,1,2,-1,3,1,0
18,24,3,1,3,-1,4,1,0
18,25,4,1,3,-1,4,1,0
18,26,4,1,1,-1,4,2,0
18,27,4,2,0,-1,4,1,0
18,28,4,1,1,-1,4,2,0
18,29,4,2,1,-1,4,3,0
18,30,4,3,1,-1,4,3,0
18,31,4,3,3,-1,5,3,0
18,32,5,3,3,-1,6,3,0
18,33,6,3,3,0,7,3,1
19,0,0,3,0,-1,0,2,0
19,1,0,2,3,-1,1,2,0
19,2,1,2,1,-1,1,3,0
19,3,1,3,1,-1,1,3,0
19,4,1,3,3,-1,1,3,0
19,5,1,3,2,-1,0,3,0
19,6,0,3,3,-1,1,3,0
19,7,1,3,0,-1,1,2,0
19,8,1,2,3,-1,1,2,0
19,9,1,2,0,-1,1,1,0
19,10,1,1,2,-1,0,1,0
19,11,0,1,0,-1,0,0,0
19,12,0,0,2,-1,0,0,0
19,13,0,0,3,-1,1,0,0
19,14,1,0,1,-1,1,1,0
19,15,1,1,3,-1,1,1,0
19,16,1,1,0,-1,1,0,0
19,17,1,0,3,-1,2,0,0
19,18,2,0,1,-1,2,0,0
19,19,2,0,2,-1,1,0,0
19,20,1,0,3,-1,2,0,0
19,21,2,0,3,-1,3,0,0
19,22,3,0,1,-1,3,1,0
19,23,3,1,2,-1,3,1,0
19,24,3,1,1,-1,3,2,0
19,25,3,2,3,-1,4,2,0
19,26,4,2,1,-1,4,3,0
19,27,4,3,3,-1,5,3,0
19,28,5,3,3,-1,6,3,0
19,29,6,3,3,0,7,3,1
20,0,0,3,2,-1,0,3,0
20,1,0,3,0,-1,0,2,0
20,2,0,2,2,-1,0,2,0
20,3,0,2,0,-1,0,1,0
20,4,0,1,2,-1,0,1,0
20,5,0,1,1,-1,0,2,0
20,6,0,2,0,-1,0,1,0
20,7,0,1,0,-1,0,0,0
20,8,0,0,0,-1,0,0,0
20,9,0,0,2,-1,0,0,0
20,10,0,0,3,-1,1,0,0
20,11,1,0,2,-1,0,0,0
20,12,0,0,1,-1,0,1,0
20,13,0,1,3,-1,1,1,0
20,14,1,1,0,-1,1,0,0
20,15,1,0,3,-1,2,0,0
20,16,2,0,0,-1,2,0,0
20,17,2,0,3,-1,3,0,0
20,18,3,0,1,-1,3,1,0
20,19,3,1,1,-1,3,2,0
20,20,3,2,1,-1,3,3,0
20,21,3,3,3,-1,4,3,0
20,22,4,3,3,-1,5,3,0
20,23,5,3,3,-1,6,3,0
20,24,6,3,3,0,7,3,1
21,0,0,3,1,-1,0,3,0
21,1,0,3,3,-1,1,3,0
21,2,1,3,1,-1,1,3,0
21,3,1,3,3,-1,1,3,0
21,4,1,3,0,-1,1,2,0
21,5,1,2,2,-1,0,2,0
21,6,0,2,1,-1,0,3,0
21,7,0,3,2,-1,0,3,0
21,8,0,3,0,-1,0,2,0
21,9,0,2,3,-1,1,2,0
21,10,1,2,0,-1,1,1,0
21,11,1,1,1,-1,1,2,0
21,12,1,2,1,-1,1,3,0
21,13,1,3,2,-1,0,3,0
21,14,0,3,1,-1,0,3,0
21,15,0,3,3,-1,1,3,0
21,16,1,3,0,-1,1,2,0
21,17,1,2,3,-1,1,2,0
21,18,1,2,0,-1,1,1,0
21,19,1,1,2,-1,0,1,0
21,20,0,1,2,-1,0,1,0
21,21,0,1,0,-1,0,0,0
21,22,0,0,3,-1,1,0,0
21,23,1,0,3,-1,2,0,0
21,24,2,0,1,-1,2,0,0
21,25,2,0,3,-1,3,0,0
21,26,3,0,0,-1,3,0,0
21,27,3,0,3,-1,4,0,0
21,28,4,0,0,-1,4,0,0
21,29,4,0,3,-1,4,0,0
21,30,4,0,1,-1,4,1,0
21,31,4,1,0,-1,4,0,0
21,32,4,0,0,-1,4,0,0
21,33,4,0,1,-1,4,1,0
21,34,4,1,1,-1,4,2,0
21,35,4,2,1,-1,4,3,0
21,36,4,3,3,-1,5,3,0
21,37,5,3,3,-1,6,3,0
21,38,6,3,3,0,7,3,1
22,0,0,3,0,-1,0,2,0
22,1,0,2,2,-1,0,2,0
22,2,0,2,3,-1,1,2,0
22,3,1,2,2,-1,0,2,0
22,4,0,2,0,-1,0,1,0
22,5,0,1,3,-1,1,1,0
22,6,1,1,3,-1,1,1,0
22,7,1,1,0,-1,1,0,0
22,8,1,0,0,-1,1,0,0
22,9,1,0,2,-1,0,0,0
22,10,0,0,0,-1,0,0,0
22,11,0,0,2,-1,0,0,0
22,12,0,0,3,-1,1,0,0
22,13,1,0,3,-1,2,0,0
22,14,2,0,3,-1,3,0,0
22,15,3,0,0,-1,3,0,0
22,16,3,0,3,-1,4,0,0
22,17,4,0,3,-1,4,0,0
22,18,4,0,1,-1,4,1,0
22,19,4,1,1,-1,4,2,0
22,20,4,2,1,-1,4,3,0
22,21,4,3,3,-1,5,3,0
22,22,5,3,3,-1,6,3,0
22,23,6,3,3,0,7,3,1
23,0,0,3,2,-1,0,3,0
23,1,0,3,0,-1,0,2,0
23,2,0,2,0,-1,0,1,0
23,3,0,1,2,-1,0,1,0
23,4,0,1,1,-1,0,2,0
23,5,0,2,2,-1,0,2,0
23,6,0,2,1,-1,0,3,0
23,7,0,3,3,-1,1,3,0
23,8,1,3,1,-1,1,3,0
23,9,1,3,2,-1,0,3,0
23,10,0,3,1,-1,0,3,0
23,11,0,3,0,-1,0,2,0
23,12,0,2,0,-1,0,1,0
23,13,0,1,0,-1,0,0,0
23,14,0,0,1,-1,0,1,0
23,15,0,1,3,-1,1,1,0
23,16,1,1,0,-1,1,0,0
23,17,1,0,3,-1,2,0,0
23,18,2,0,0,-1,2,0,0
23,19,2,0,3,-1,3,0,0
23,20,3,0,1,-1,3,1,0
23,21,3,1,0,-1,3,0,0
23,22,3,0,2,-1,2,0,0
23,23,2,0,3,-1,3,0,0
23,24,3,0,1,-1,3,1,0
23,25,3,1,3,-1,4,1,0
23,26,4,1,1,-1,4,2,0
23,27,4,2,1,-1,4,3,0
23,28,4,3,3,-1,5,3,0
23,29,5,3,3,-1,6,3,0
23,30,6,3,3,0,7,3,1
24,0,0,3,1,-1,0,3,0
24,1,0,3,3,-1,1,3,0
24,2,1,3,0,-1,1,2,0
24,3,1,2,0,-1,1,1,0
24,4,1,1,1,-1,1,2,0
24,5,1,2,3,-1,1,2,0
24,6,1,2,1,-1,1,3,0
24,7,1,3,3,-1,1,3,0
24,8,1,3,0,-1,1,2,0
24,9,1,2,0,-1,1,1,0
24,10,1,1,0,-1,1,0,0
24,11,1,0,1,-1,1,1,0
24,12,1,1,3,-1,1,1,0
24,13,1,1,2,-1,0,1,0
24,14,0,1,0,-1,0,0,0
24,15,0,0,3,-1,1,0,0
24,16,1,0,3,-1,2,0,0
24,17,2,0,1,-1,2,0,0
24,18,2,0,3,-1,3,0,0
24,19,3,0,1,-1,3,1,0
24,20,3,1,1,-1,3,2,0
24,21,3,2,2,-1,3,2,0
24,22,3,2,3,-1,4,2,0
24,23,4,2,3,-1,4,2,0
24,24,4,2,1,-1,4,3,0
24,25,4,3,3,-1,5,3,0
24,26,5,3,3,-1,6,3,0
24,27,6,3,3,0,7,3,1
25,0,0,3,2,-1,0,3,0
25,1,0,3,1,-1,0,3,0
25,2,0,3,3,-1,1,3,0
25,3,1,3,1,-1,1,3,0
25,4,1,3,3,-1,1,3,0
25,5,1,3,0,-1,1,2,0
25,6,1,2,2,-1,0,2,0
25,7,0,2,3,-1,1,2,0
25,8,1,2,0,-1,1,1,0
25,9,1,1,0,-1,1,0,0
25,10,1,0,0,-1,1,0,0
25,11,1,0,3,-1,2,0,0
25,12,2,0,1,-1,2,0,0
25,13,2,0,3,-1,3,0,0
25,14,3,0,3,-1,4,0,0
25,15,4,0,2,-1,3,0,0
25,16,3,0,1,-1,3,1,0
25,17,3,1,2,-1,3,1,0
25,18,3,1,1,-1,3,2,0
25,19,3,2,3,-1,4,2,0
25,20,4,2,1,-1,4,3,0
25,21,4,3,3,-1,5,3,0
25,22,5,3,3,-1,6,3,0
25,23,6,3,3,0,7,3,1
26,0,0,3,0,-1,0,2,0
26,1,0,2,0,-1,0,1,0
26,2,0,1,3,-1,1,1,0
26,3,1,1,3,-1,1,1,0
26,4,1,1,0,-1,1,0,0
26,5,1,0,3,-1,2,0,0
26,6,2,0,0,-1,2,0,0
26,7,2,0,3,-1,3,0,0
26,8,3,0,1,-1,3,1,0
26,9,3,1,1,-1,3,2,0
26,10,3,2,1,-1,3,3,0
26,11,3,3,3,-1,4,3,0
26,12,4,3,3,-1,5,3,0
26,13,5,3,3,-1,6,3,0
26,14,6,3,3,0,7,3,1
27,0,0,3,0,-1,0,2,0
27,1,0,2,0,-1,0,1,0
27,2,0,1,2,-1,0,1,0
27,3,0,1,0,-1,0,0,0
27,4,0,0,0,-1,0,0,0
27,5,0,0,2,-1,0,0,0
27,6,0,0,3,-1,1,0,0
27,7,1,0,3,-1,2,0,0
27,8,2,0,3,-1,3,0,0
27,9,3,0,1,-1,3,1,0
27,10,3,1,3,-1,4,1,0
27,11,4,1,1,-1,4,2,0
27,12,4,2,1,-1,4,3,0
27,13,4,3,3,-1,5,3,0
27,14,5,3,3,-1,6,3,0
27,15,6,3,1,-1,6,3,0
27,16,6,3,3,0,7,3,1
28,0,0,3,3,-1,1,3,0
28,1,1,3,0,-1,1,2,0
28,2,1,2,0,-1,1,1,0
28,3,1,1,0,-1,1,0,0
28,4,1,0,0,-1,1,0,0
28,5,1,0,2,-1,0,0,0
28,6,0,0,0,-1,0,0,0
28,7,0,0,1,-1,0,1,0
28,8,0,1,1,-1,0,2,0
28,9,0,2,2,-1,0,2,0
28,10,0,2,3,-1,1,2,0
28,11,1,2,3,-1,1,2,0
28,12,1,2,1,-1,1,3,0
28,13,1,3,1,-1,1,3,0
28,14,1,3,3,-1,1,3,0
28,15,1,3,2,-1,0,3,0
28,16,0,3,2,-1,0,3,0
28,17,0,3,1,-1,0,3,0
28,18,0,3,0,-1,0,2,0
28,19,0,2,1,-1,0,3,0
28,20,0,3,0,-1,0,2,0
28,21,0,2,0,-1,0,1,0
28,22,0,1,0,-1,0,0,0
28,23,0,0,3,-1,1,0,0
28,24,1,0,3,-1,2,0,0
28,25,2,0,3,-1,3,0,0
28,26,3,0,0,-1,3,0,0
28,27,3,0,3,-1,4,0,0
28,28,4,0,1,-1,4,1,0
28,29,4,1,1,-1,4,2,0
28,30,4,2,1,-1,4,3,0
28,31,4,3,3,-1,5,3,0
28,32,5,3,3,-1,6,3,0
28,33,6,3,3,0,7,3,1
29,0,0,3,3,-1,1,3,0
29,1,1,3,0,-1,1,2,0
29,2,1,2,2,-1,0,2,0
29,3,0,2,2,-1,0,2,0
29,4,0,2,2,-1,0,2,0
29,5,0,2,0,-1,0,1,0
29,6,0,1,3,-1,1,1,0
29,7,1,1,0,-1,1,0,0
29,8,1,0,3,-1,2,0,0
29,9,2,0,2,-1,1,0,0
29,10,1,0,1,-1,1,1,0
29,11,1,1,2,-1,0,1,0
29,12,0,1,2,-1,0,1,0
29,13,0,1,3,-1,1,1,0
29,14,1,1,3,-1,1,1,0
29,15,1,1,1,-1,1,2,0
29,16,1,2,0,-1,1,1,0
29,17,1,1,0,-1,1,0,0
29,18,1,0,3,-1,2,0,0
29,19,2,0,2,-1,1,0,0
29,20,1,0,3,-1,2,0,0
29,21,2,0,3,-1,3,0,0
29,22,3,0,1,-1,3,1,0
29,23,3,1,1,-1,3,2,0
29,24,3,2,1,-1,3,3,0
29,25,3,3,0,-1,3,2,0
29,26,3,2,1,-1,3,3,0
29,27,3,3,3,-1,4,3,0
29,28,4,3,3,-1,5,3,0
29,29,5,3,3,-1,6,3,0
29,30,6,3,3,0,7,3,1
30,0,0,3,0,-1,0,2,0
30,1,0,2,3,-1,1,2,0
30,2,1,2,3,-1,1,2,0
30,3,1,2,0,-1,1,1,0
30,4,1,1,0,-1,1,0,0
30,5,1,0,3,-1,2,0,0
30,6,2,0,3,-1,3,0,0
30,7,3,0,1,-1,3,1,0
30,8,3,1,1,-1,3,2,0
30,9,3,2,0,-1,3,1,0
30,10,3,1,1,-1,3,2,0
30,11,3,2,3,-1,4,2,0
30,12,4,2,1,-1,4,3,0
30,13,4,3,3,-1,5,3,0
30,14,5,3,3,-1,6,3,0
30,15,6,3,3,0,7,3,1
31,0,0,3,2,-1,0,3,0
31,1,0,3,3,-1,1,3,0
31,2,1,3,0,-1,1,2,0
31,3,1,2,1,-1,1,3,0
31,4,1,3,1,-1,1,3,0
31,5,1,3,3,-1,1,3,0
31,6,1,3,2,-1,0,3,0
31,7,0,3,0,-1,0,2,0
31,8,0,2,0,-1,0,1,0
31,9,0,1,0,-1,0,0,0
31,10,0,0,2,-1,0,0,0
31,11,0,0,3,-1,1,0,0
31,12,1,0,3,-1,2,0,0
31,13,2,0,3,-1,3,0,0
31,14,3,0,3,-1,4,0,0
31,15,4,0,0,-1,4,0,0
31,16,4,0,1,-1,4,1,0
31,17,4,1,1,-1,4,2,0
31,18,4,2,1,-1,4,3,0
31,19,4,3,3,-1,5,3,0
31,20,5,3,3,-1,6,3,0
31,21,6,3,3,0,7,3,1
32,0,0,3,1,-1,0,3,0
32,1,0,3,0,-1,0,2,0
32,2,0,2,0,-1,0,1,0
32,3,0,1,0,-1,0,0,0
32,4,0,0,0,-1,0,0,0
32,5,0,0,2,-1,0,0,0
32,6,0,0,3,-1,1,0,0
32,7,1,0,0,-1,1,0,0
32,8,1,0,3,-1,2,0,0
32,9,2,0,2,-1,1,0,0
32,10,1,0,3,-1,2,0,0
32,11,2,0,0,-1,2,0,0
32,12,2,0,0,-1,2,0,0
32,13,2,0,3,-1,3,0,0
32,14,3,0,1,-1,3,1,0
32,15,3,1,2,-1,3,1,0
32,16,3,1,3,-1,4,1,0
32,17,4,1,1,-1,4,2,0
32,18,4,2,1,-1,4,3,0
32,19,4,3,3,-1,5,3,0
32,20,5,3,3,-1,6,3,0
32,21,6,3,3,0,7,3,1
33,0,0,3,3,-1,1,3,0
33,1,1,3,0,-1,1,2,0
33,2,1,2,0,-1,1,1,0
33,3,1,1,0,-1,1,0,0
33,4,1,0,1,-1,1,1,0
33,5,1,1,0,-1,1,0,0
33,6,1,0,3,-1,2,0,0
33,7,2,0,3,-1,3,0,0
33,8,3,0,2,-1,2,0,0
33,9,2,0,1,-1,2,0,0
33,10,2,0,3,-1,3,0,0
33,11,3,0,1,-1,3,1,0
33,12,3,1,1,-1,3,2,0
33,13,3,2,1,-1,3,3,0
33,14,3,3,3,-1,4,3,0
33,15,4,3,3,-1,5,3,0
33,16,5,3,3,-1,6,3,0
33,17,6,3,3,0,7,3,1
34,0,0,3,0,-1,0,2,0
34,1,0,2,3,-1,1,2,0
34,2,1,2,2,-1,0,2,0
34,3,0,2,0,-1,0,1,0
34,4,0,1,1,-1,0,2,0
34,5,0,2,1,-1,0,3,0
34,6,0,3,2,-1,0,3,0
34,7,0,3,0,-1,0,2,0
34,8,0,2,0,-1,0,1,0
34,9,0,1,2,-1,0,1,0
34,10,0,1,3,-1,1,1,0
34,11,1,1,1,-1,1,2,0
34,12,1,2,0,-1,1,1,0
34,13,1,1,2,-1,0,1,0
34,14,0,1,0,-1,0,0,0
34,15,0,0,1,-1,0,1,0
34,16,0,1,2,-1,0,1,0
34,17,0,1,0,-1,0,0,0
34,18,0,0,3,-1,1,0,0
34,19,1,0,3,-1,2,0,0
34,20,2,0,3,-1,3,0,0
34,21,3,0,3,-1,4,0,0
34,22,4,0,1,-1,4,1,0
34,23,4,1,1,-1,4,2,0
34,24,4,2,1,-1,4,3,0
34,25,4,3,3,-1,5,3,0
34,26,5,3,2,-1,4,3,0
34,27,4,3,3,-1,5,3,0
34,28,5,3,3,-1,6,3,0
34,29,6,3,3,0,7,3,1
35,0,0,3,0,-1,0,2,0
35,1,0,2,2,-1,0,2,0
35,2,0,2,0,-1,0,1,0
35,3,0,1,0,-1,0,0,0
35,4,0,0,3,-1,1,0,0
35,5,1,0,1,-1,1,1,0
35,6,1,1,3,-1,1,1,0
35,7,1,1,1,-1,1,2,0
35,8,1,2,3,-1,1,2,0
35,9,1,2,0,-1,1,1,0
35,10,1,1,0,-1,1,0,0
35,11,1,0,3,-1,2,0,0
35,12,2,0,3,-1,3,0,0
35,13,3,0,1,-1,3,1,0
35,14,3,1,1,-1,3,2,0
35,15,3,2,3,-1,4,2,0
35,16,4,2,1,-1,4,3,0
35,17,4,3,3,-1,5,3,0
35,18,5,3,3,-1,6,3,0
35,19,6,3,2,-1,5,3,0
35,20,5,3,3,-1,6,3,0
35,21,6,3,3,0,7,3,1
36,0,0,3,1,-1,0,3,0
36,1,0,3,3,-1,1,3,0
36,2,1,3,1,-1,1,3,0
36,3,1,3,3,-1,1,3,0
36,4,1,3,0,-1,1,2,0
36,5,1,2,0,-1,1,1,0
36,6,1,1,0,-1,1,0,0
36,7,1,0,3,-1,2,0,0
36,8,2,0,3,-1,3,0,0
36,9,3,0,1,-1,3,1,0
36,10,3,1,3,-1,4,1,0
36,11,4,1,1,-1,4,2,0
36,12,4,2,0,-1,4,1,0
36,13,4,1,1,-1,4,2,0
36,14,4,2,1,-1,4,3,0
36,15,4,3,3,-1,5,3,0
36,16,5,3,3,-1,6,3,0
36,17,6,3,3,0,7,3,1
37,0,0,3,0,-1,0,2,0
37,1,0,2,2,-1,0,2,0
37,2,0,2,0,-1,0,1,0
37,3,0,1,3,-1,1,1,0
37,4,1,1,0,-1,1,0,0
37,5,1,0,3,-1,2,0,0
37,6,2,0,3,-1,3,0,0
37,7,3,0,3,-1,4,0,0
37,8,4,0,1,-1,4,1,0
37,9,4,1,1,-1,4,2,0
37,10,4,2,1,-1,4,3,0
37,11,4,3,3,-1,5,3,0
37,12,5,3,1,-1,5,3,0
37,13,5,3,3,-1,6,3,0
37,14,6,3,3,0,7,3,1
38,0,0,3,3,-1,1,3,0
38,1,1,3,2,-1,0,3,0
38,2,0,3,0,-1,0,2,0
38,3,0,2,3,-1,1,2,0
38,4,1,2,1,-1,1,3,0
38,5,1,3,0,-1,1,2,0
38,6,1,2,0,-1,1,1,0
38,7,1,1,0,-1,1,0,0
38,8,1,0,2,-1,0,0,0
38,9,0,0,0,-1,0,0,0
38,10,0,0,3,-1,1,0,0
38,11,1,0,3,-1,2,0,0
38,12,2,0,3,-1,3,0,0
38,13,3,0,1,-1,3,1,0
38,14,3,1,1,-1,3,2,0
38,15,3,2,1,-1,3,3,0
38,16,3,3,2,-1,3,3,0
38,17,3,3,3,-1,4,3,0
38,18,4,3,3,-1,5,3,0
38,19,5,3,3,-1,6,3,0
38,20,6,3,3,0,7,3,1
39,0,0,3,1,-1,0,3,0
39,1,0,3,2,-1,0,3,0
39,2,0,3,0,-1,0,2,0
39,3,0,2,0,-1,0,1,0
39,4,0,1,0,-1,0,0,0
39,5,0,0,2,-1,0,0,0
39,6,0,0,3,-1,1,0,0
39,7,1,0,3,-1,2,0,0
39,8,2,0,3,-1,3,0,0
39,9,3,0,0,-1,3,0,0
39,10,3,0,1,-1,3,1,0
39,11,3,1,1,-1,3,2,0
39,12,3,2,1,-1,3,3,0
39,13,3,3,1,-1,3,3,0
39,14,3,3,3,-1,4,3,0
39,15,4,3,3,-1,5,3,0
39,16,5,3,3,-1,6,3,0
39,17,6,3,3,0,7,3,1
40,0,0,3,3,-1,1,3,0
40,1,1,3,1,-1,1,3,0
40,2,1,3,3,-1,1,3,0
40,3,1,3,0,-1,1,2,0
40,4,1,2,2,-1,0,2,0
40,5,0,2,0,-1,0,1,0
40,6,0,1,3,-1,1,1,0
40,7,1,1,0,-1,1,0,0
40,8,1,0,3,-1,2,0,0
40,9,2,0,3,-1,3,0,0
40,10,3,0,3,-1,4,0,0
40,11,4,0,1,-1,4,1,0
40,12,4,1,1,-1,4,2,0
40,13,4,2,1,-1,4,3,0
40,14,4,3,1,-1,4,3,0
40,15,4,3,3,-1,5,3,0
40,16,5,3,3,-1,6,3,0
40,17,6,3,3,0,7,3,1
41,0,0,3,0,-1,0,2,0
41,1,0,2,3,-1,1,2,0
41,2,1,2,3,-1,1,2,0
41,3,1,2,0,-1,1,1,0
41,4,1,1,0,-1,1,0,0
41,5,1,0,3,-1,2,0,0
41,6,2,0,3,-1,3,0,0
41,7,3,0,3,-1,4,0,0
41,8,4,0,3,-1,4,0,0
41,9,4,0,1,-1,4,1,0
41,10,4,1,1,-1,4,2,0
41,11,4,2,1,-1,4,3,0
41,12,4,3,3,-1,5,3,0
41,13,5,3,3,-1,6,3,0
41,14,6,3,3,0,7,3,1
42,0,0,3,0,-1,0,2,0
42,1,0,2,1,-1,0,3,0
42,2,0,3,3,-1,1,3,0
42,3,1,3,0,-1,1,2,0
42,4,1,2,0,-1,1,1,0
42,5,1,1,0,-1,1,0,0
42,6,1,0,3,-1,2,0,0
42,7,2,0,3,-1,3,0,0
42,8,3,0,1,-1,3,1,0
42,9,3,1,3,-1,4,1,0
42,10,4,1,1,-1,4,2,0
42,11,4,2,1,-1,4,3,0
42,12,4,3,3,-1,5,3,0
42,13,5,3,1,-1,5,3,0
42,14,5,3,3,-1,6,3,0
42,15,6,3,3,0,7,3,1
43,0,0,3,2,-1,0,3,0
43,1,0,3,0,-1,0,2,0
43,2,0,2,2,-1,0,2,0
43,3,0,2,0,-1,0,1,0
43,4,0,1,1,-1,0,2,0
43,5,0,2,0,-1,0,1,0
43,6,0,1,0,-1,0,0,0
43,7,0,0,3,-1,1,0,0
43,8,1,0,3,-1,2,0,0
43,9,2,0,3,-1,3,0,0
43,10,3,0,1,-1,3,1,0
43,11,3,1,1,-1,3,2,0
43,12,3,2,3,-1,4,2,0
43,13,4,2,1,-1,4,3,0
43,14,4,3,3,-1,5,3,0
43,15,5,3,3,-1,6,3,0
43,16,6,3,0,-1,6,2,0
43,17,6,2,2,-1,6,2,0
43,18,6,2,3,-1,7,2,0
43,19,7,2,0,-1,7,1,0
43,20,7,1,0,-1,7,0,0
43,21,7,0,0,-1,7,0,0
43,22,7,0,1,-1,7,1,0
43,23,7,1,1,-1,7,2,0
43,24,7,2,1,0,7,3,1
44,0,0,3,1,-1,0,3,0
44,1,0,3,0,-1,0,2,0
44,2,0,2,3,-1,1,2,0
44,3,1,2,0,-1,1,1,0
44,4,1,1,0,-1,1,0,0
44,5,1,0,0,-1,1,0,0
44,6,1,0,3,-1,2,0,0
44,7,2,0,3,-1,3,0,0
44,8,3,0,1,-1,3,1,0
44,9,3,1,1,-1,3,2,0
44,10,3,2,1,-1,3,3,0
44,11,3,3,3,-1,4,3,0
44,12,4,3,3,-1,5,3,0
44,13,5,3,3,-1,6,3,0
44,14,6,3,3,0,7,3,1
45,0,0,3,3,-1,1,3,0
45,1,1,3,0,-1,1,2,0
45,2,1,2,0,-1,1,1,0
45,3,1,1,3,-1,1,1,0
45,4,1,1,0,-1,1,0,0
45,5,1,0,0,-1,1,0,0
45,6,1,0,3,-1,2,0,0
45,7,2,0,3,-1,3,0,0
45,8,3,0,1,-1,3,1,0
45,9,3,1,3,-1,4,1,0
45,10,4,1,1,-1,4,2,0
45,11,4,2,0,-1,4,1,0
45,12,4,1,1,-1,4,2,0
45,13,4,2,1,-1,4,3,0
45,14,4,3,3,-1,5,3,0
45,15,5,3,3,-1,6,3,0
45,16,6,3,3,0,7,3,1
46,0,0,3,0,-1,0,2,0
46,1,0,2,0,-1,0,1,0
46,2,0,1,2,-1,0,1,0
46,3,0,1,3,-1,1,1,0
46,4,1,1,0,-1,1,0,0
46,5,1,0,3,-1,2,0,0
46,6,2,0,3,-1,3,0,0
46,7,3,0,1,-1,3,1,0
46,8,3,1,1,-1,3,2,0
46,9,3,2,3,-1,4,2,0
46,10,4,2,1,-1,4,3,0
46,11,4,3,3,-1,5,3,0
46,12,5,3,3,-1,6,3,0
46,13,6,3,3,0,7,3,1
47,0,0,3,0,-1,0,2,0
47,1,0,2,0,-1,0,1,0
47,2,0,1,0,-1,0,0,0
47,3,0,0,3,-1,1,0,0
47,4,1,0,3,-1,2,0,0
47,5,2,0,3,-1,3,0,0
47,6,3,0,3,-1,4,0,0
47,7,4,0,1,-1,4,1,0
47,8,4,1,1,-1,4,2,0
47,9,4,2,1,-1,4,3,0
47,10,4,3,3,-1,5,3,0
47,11,5,3,3,-1,6,3,0
47,12,6,3,3,0,7,3,1
48,0,0,3,3,-1,1,3,0
48,1,1,3,1,-1,1,3,0
48,2,1,3,2,-1,0,3,0
48,3,0,3,0,-1,0,2,0
48,4,0,2,0,-1,0,1,0
48,5,0,1,0,-1,0,0,0
48,6,0,0,3,-1,1,0,0
48,7,1,0,3,-1,2,0,0
48,8,2,0,3,-1,3,0,0
48,9,3,0,1,-1,3,1,0
48,10,3,1,1,-1,3,2,0
48,11,3,2,1,-1,3,3,0
48,12,3,3,1,-1,3,3,0
48,13,3,3,3,-1,4,3,0
48,14,4,3,3,-1,5,3,0
48,15,5,3,3,-1,6,3,0
48,16,6,3,3,0,7,3,1
49,0,0,3,2,-1,0,3,0
49,1,0,3,0,-1,0,2,0
49,2,0,2,3,-1,1,2,0
49,3,1,2,0,-1,1,1,0
49,4,1,1,0,-1,1,0,0
49,5,1,0,3,-1,2,0,0
49,6,2,0,3,-1,3,0,0
49,7,3,0,1,-1,3,1,0
49,8,3,1,0,-1,3,0,0
49,9,3,0,1,-1,3,1,0
49,10,3,1,1,-1,3,2,0
49,11,3,2,2,-1,3,2,0
49,12,3,2,3,-1,4,2,0
49,13,4,2,1,-1,4,3,0
49,14,4,3,3,-1,5,3,0
49,15,5,3,3,-1,6,3,0
49,16,6,3,3,0,7,3,1
50,0,0,3,3,-1,1,3,0
50,1,1,3,3,-1,1,3,0
50,2,1,3,0,-1,1,2,0
50,3,1,2,0,-1,1,1,0
50,4,1,1,3,-1,1,1,0
50,5,1,1,0,-1,1,0,0
50,6,1,0,3,-1,2,0,0
50,7,2,0,3,-1,3,0,0
50,8,3,0,3,-1,4,0,0
50,9,4,0,2,-1,3,0,0
50,10,3,0,1,-1,3,1,0
50,11,3,1,3,-1,4,1,0
50,12,4,1,1,-1,4,2,0
50,13,4,2,1,-1,4,3,0
50,14,4,3,3,-1,5,3,0
50,15,5,3,3,-1,6,3,0
50,16,6,3,3,0,7,3,1
51,0,0,3,1,-1,0,3,0
51,1,0,3,0,-1,0,2,0
51,2,0,2,0,-1,0,1,0
51,3,0,1,3,-1,1,1,0
51,4,1,1,0,-1,1,0,0
51,5,1,0,3,-1,2,0,0
51,6,2,0,3,-1,3,0,0
51,7,3,0,1,-1,3,1,0
51,8,3,1,1,-1,3,2,0
51,9,3,2,1,-1,3,3,0
51,10,3,3,3,-1,4,3,0
51,11,4,3,3,-1,5,3,0
51,12,5,3,3,-1,6,3,0
51,13,6,3,3,0,7,3,1
52,0,0,3,3,-1,1,3,0
52,1,1,3,0,-1,1,2,0
52,2,1,2,0,-1,1,1,0
52,3,1,1,0,-1,1,0,0
52,4,1,0,3,-1,2,0,0
52,5,2,0,3,-1,3,0,0
52,6,3,0,1,-1,3,1,0
52,7,3,1,1,-1,3,2,0
52,8,3,2,3,-1,4,2,0
52,9,4,2,1,-1,4,3,0
52,10,4,3,3,-1,5,3,0
52,11,5,3,3,-1,6,3,0
52,12,6,3,3,0,7,3,1
53,0,0,3,0,-1,0,2,0
53,1,0,2,0,-1,0,1,0
53,2,0,1,1,-1,0,2,0
53,3,0,2,2,-1,0,2,0
53,4,0,2,3,-1,1,2,0
53,5,1,2,2,-1,0,2,0
53,6,0,2,0,-1,0,1,0
53,7,0,1,0,-1,0,0,0
53,8,0,0,3,-1,1,0,0
53,9,1,0,3,-1,2,0,0
53,10,2,0,3,-1,3,0,0
53,11,3,0,1,-1,3,1,0
53,12,3,1,3,-1,4,1,0
53,13,4,1,1,-1,4,2,0
53,14,4,2,1,-1,4,3,0
53,15,4,3,3,-1,5,3,0
53,16,5,3,3,-1,6,3,0
53,17,6,3,3,0,7,3,1
54,0,0,3,0,-1,0,2,0
54,1,0,2,0,-1,0,1,0
54,2,0,1,3,-1,1,1,0
54,3,1,1,0,-1,1,0,0
54,4,1,0,3,-1,2,0,0
54,5,2,0,2,-1,1,0,0
54,6,1,0,3,-1,2,0,0
54,7,2,0,3,-1,3,0,0
54,8,3,0,3,-1,4,0,0
54,9,4,0,1,-1,4,1,0
54,10,4,1,1,-1,4,2,0
54,11,4,2,1,-1,4,3,0
54,12,4,3,3,-1,5,3,0
54,13,5,3,3,-1,6,3,0
54,14,6,3,0,-1,6,2,0
54,15,6,2,1,-1,6,3,0
54,16,6,3,3,0,7,3,1
55,0,0,3,3,-1,1,3,0
55,1,1,3,0,-1,1,2,0
55,2,1,2,0,-1,1,1,0
55,3,1,1,0,-1,1,0,0
55,4,1,0,3,-1,2,0,0
55,5,2,0,3,-1,3,0,0
55,6,3,0,1,-1,3,1,0
55,7,3,1,1,-1,3,2,0
55,8,3,2,1,-1,3,3,0
55,9,3,3,3,-1,4,3,0
55,10,4,3,3,-1,5,3,0
55,11,5,3,3,-1,6,3,0
55,12,6,3,2,-1,5,3,0
55,13,5,3,3,-1,6,3,0
55,14,6,3,3,0,7,3,1
56,0,0,3,0,-1,0,2,0
56,1,0,2,0,-1,0,1,0
56,2,0,1,3,-1,1,1,0
56,3,1,1,2,-1,0,1,0
56,4,0,1,0,-1,0,0,0
56,5,0,0,1,-1,0,1,0
56,6,0,1,0,-1,0,0,0
56,7,0,0,3,-1,1,0,0
56,8,1,0,3,-1,2,0,0
56,9,2,0,3,-1,3,0,0
56,10,3,0,1,-1,3,1,0
56,11,3,1,1,-1,3,2,0
56,12,3,2,3,-1,4,2,0
56,13,4,2,1,-1,4,3,0
56,14,4,3,3,-1,5,3,0
56,15,5,3,3,-1,6,3,0
56,16,6,3,3,0,7,3,1
57,0,0,3,0,-1,0,2,0
57,1,0,2,3,-1,1,2,0
57,2,1,2,0,-1,1,1,0
57,3,1,1,0,-1,1,0,0
57,4,1,0,3,-1,2,0,0
57,5,2,0,3,-1,3,0,0
57,6,3,0,3,-1,4,0,0
57,7,4,0,1,-1,4,1,0
57,8,4,1,1,-1,4,2,0
57,9,4,2,1,-1,4,3,0
57,10,4,3,3,-1,5,3,0
57,11,5,3,3,-1,6,3,0
57,12,6,3,3,0,7,3,1
58,0,0,3,3,-1,1,3,0
58,1,1,3,0,-1,1,2,0
58,2,1,2,0,-1,1,1,0
58,3,1,1,0,-1,1,0,0
58,4,1,0,3,-1,2,0,0
58,5,2,0,3,-1,3,0,0
58,6,3,0,1,-1,3,1,0
58,7,3,1,3,-1,4,1,0
58,8,4,1,1,-1,4,2,0
58,9,4,2,1,-1,4,3,0
58,10,4,3,3,-1,5,3,0
58,11,5,3,3,-1,6,3,0
58,12,6,3,3,0,7,3,1
59,0,0,3,0,-1,0,2,0
59,1,0,2,0,-1,0,1,0
59,2,0,1,0,-1,0,0,0
59,3,0,0,0,-1,0,0,0
59,4,0,0,3,-1,1,0,0
59,5,1,0,0,-1,1,0,0
59,6,1,0,3,-1,2,0,0
59,7,2,0,3,-1,3,0,0
59,8,3,0,0,-1,3,0,0
59,9,3,0,1,-1,3,1,0
59,10,3,1,1,-1,3,2,0
59,11,3,2,1,-1,3,3,0
59,12,3,3,3,-1,4,3,0
59,13,4,3,3,-1,5,3,0
59,14,5,3,3,-1,6,3,0
59,15,6,3,3,0,7,3,1
60,0,0,3,0,-1,0,2,0
60,1,0,2,0,-1,0,1,0
60,2,0,1,2,-1,0,1,0
60,3,0,1,0,-1,0,0,0
60,4,0,0,3,-1,1,0,0
60,5,1,0,3,-1,2,0,0
60,6,2,0,3,-1,3,0,0
60,7,3,0,1,-1,3,1,0
60,8,3,1,1,-1,3,2,0
60,9,3,2,1,-1,3,3,0
60,10,3,3,3,-1,4,3,0
60,11,4,3,3,-1,5,3,0
60,12,5,3,3,-1,6,3,0
60,13,6,3,0,-1,6,2,0
60,14,6,2,0,-1,6,1,0
60,15,6,1,2,-1,6,1,0
60,16,6,1,3,-1,7,1,0
60,17,7,1,2,-1,6,1,0
60,18,6,1,0,-1,6,0,0
60,19,6,0,2,-1,6,0,0
60,20,6,0,3,-1,7,0,0
60,21,7,0,2,-1,6,0,0
60,22,6,0,0,-1,6,0,0
60,23,6,0,1,-1,6,1,0
60,24,6,1,1,-1,6,2,0
60,25,6,2,2,-1,6,2,0
60,26,6,2,3,-1,7,2,0
60,27,7,2,1,0,7,3,1
61,0,0,3,3,-1,1,3,0
61,1,1,3,0,-1,1,2,0
61,2,1,2,3,-1,1,2,0
61,3,1,2,0,-1,1,1,0
61,4,1,1,0,-1,1,0,0
61,5,1,0,3,-1,2,0,0
61,6,2,0,3,-1,3,0,0
61,7,3,0,3,-1,4,0,0
61,8,4,0,1,-1,4,1,0
61,9,4,1,1,-1,4,2,0
61,10,4,2,1,-1,4,3,0
61,11,4,3,3,-1,5,3,0
61,12,5,3,3,-1,6,3,0
61,13,6,3,3,0,7,3,1
62,0,0,3,2,-1,0,3,0
62,1,0,3,0,-1,0,2,0
62,2,0,2,1,-1,0,3,0
62,3,0,3,0,-1,0,2,0
62,4,0,2,3,-1,1,2,0
62,5,1,2,0,-1,1,1,0
62,6,1,1,0,-1,1,0,0
62,7,1,0,1,-1,1,1,0
62,8,1,1,0,-1,1,0,0
62,9,1,0,3,-1,2,0,0
62,10,2,0,3,-1,3,0,0
62,11,3,0,1,-1,3,1,0
62,12,3,1,3,-1,4,1,0
62,13,4,1,1,-1,4,2,0
62,14,4,2,1,-1,4,3,0
62,15,4,3,3,-1,5,3,0
62,16,5,3,1,-1,5,3,0
62,17,5,3,3,-1,6,3,0
62,18,6,3,3,0,7,3,1
63,0,0,3,3,-1,1,3,0
63,1,1,3,0,-1,1,2,0
63,2,1,2,0,-1,1,1,0
63,3,1,1,1,-1,1,2,0
63,4,1,2,0,-1,1,1,0
63,5,1,1,0,-1,1,0,0
63,6,1,0,3,-1,2,0,0
63,7,2,0,3,-1,3,0,0
63,8,3,0,1,-1,3,1,0
63,9,3,1,1,-1,3,2,0
63,10,3,2,3,-1,4,2,0
63,11,4,2,1,-1,4,3,0
63,12,4,3,3,-1,5,3,0
63,13,5,3,3,-1,6,3,0
63,14,6,3,3,0,7,3,1
64,0,0,3,0,-1,0,2,0
64,1,0,2,0,-1,0,1,0
64,2,0,1,1,-1,0,2,0
64,3,0,2,0,-1,0,1,0
64,4,0,1,3,-1,1,1,0
64,5,1,1,2,-1,0,1,0
64,6,0,1,0,-1,0,0,0
64,7,0,0,2,-1,0,0,0
64,8,0,0,3,-1,1,0,0
64,9,1,0,3,-1,2,0,0
64,10,2,0,3,-1,3,0,0
64,11,3,0,3,-1,4,0,0
64,12,4,0,1,-1,4,1,0
64,13,4,1,1,-1,4,2,0
64,14,4,2,1,-1,4,3,0
64,15,4,3,3,-1,5,3,0
64,16,5,3,3,-1,6,3,0
64,17,6,3,3,0,7,3,1
65,0,0,3,0,-1,0,2,0
65,1,0,2,0,-1,0,1,0
65,2,0,1,3,-1,1,1,0
65,3,1,1,0,-1,1,0,0
65,4,1,0,3,-1,2,0,0
65,5,2,0,3,-1,3,0,0
65,6,3,0,1,-1,3,1,0
65,7,3,1,1,-1,3,2,0
65,8,3,2,1,-1,3,3,0
65,9,3,3,3,-1,4,3,0
65,10,4,3,0,-1,4,2,0
65,11,4,2,1,-1,4,3,0
65,12,4,3,3,-1,5,3,0
65,13,5,3,3,-1,6,3,0
65,14,6,3,3,0,7,3,1
66,0,0,3,1,-1,0,3,0
66,1,0,3,0,-1,0,2,0
66,2,0,2,3,-1,1,2,0
66,3,1,2,0,-1,1,1,0
66,4,1,1,0,-1,1,0,0
66,5,1,0,3,-1,2,0,0
66,6,2,0,3,-1,3,0,0
66,7,3,0,1,-1,3,1,0
66,8,3,1,3,-1,4,1,0
66,9,4,1,1,-1,4,2,0
66,10,4,2,1,-1,4,3,0
66,11,4,3,3,-1,5,3,0
66,12,5,3,3,-1,6,3,0
66,13,6,3,3,0,7,3,1
67,0,0,3,3,-1,1,3,0
67,1,1,3,0,-1,1,2,0
67,2,1,2,0,-1,1,1,0
67,3,1,1,0,-1,1,0,0
67,4,1,0,3,-1,2,0,0
67,5,2,0,3,-1,3,0,0
67,6,3,0,1,-1,3,1,0
67,7,3,1,1,-1,3,2,0
67,8,3,2,3,-1,4,2,0
67,9,4,2,1,-1,4,3,0
67,10,4,3,3,-1,5,3,0
67,11,5,3,3,-1,6,3,0
67,12,6,3,3,0,7,3,1
68,0,0,3,0,-1,0,2,0
68,1,0,2,0,-1,0,1,0
68,2,0,1,0,-1,0,0,0
68,3,0,0,3,-1,1,0,0
68,4,1,0,3,-1,2,0,0
68,5,2,0,3,-1,3,0,0
68,6,3,0,3,-1,4,0,0
68,7,4,0,1,-1,4,1,0
68,8,4,1,1,-1,4,2,0
68,9,4,2,1,-1,4,3,0
68,10,4,3,3,-1,5,3,0
68,11,5,3,3,-1,6,3,0
68,12,6,3,3,0,7,3,1
69,0,0,3,0,-1,0,2,0
69,1,0,2,0,-1,0,1,0
69,2,0,1,0,-1,0,0,0
69,3,0,0,3,-1,1,0,0
69,4,1,0,3,-1,2,0,0
69,5,2,0,3,-1,3,0,0
69,6,3,0,1,-1,3,1,0
69,7,3,1,1,-1,3,2,0
69,8,3,2,1,-1,3,3,0
69,9,3,3,3,-1,4,3,0
69,10,4,3,3,-1,5,3,0
69,11,5,3,3,-1,6,3,0
69,12,6,3,3,0,7,3,1
70,0,0,3,3,-1,1,3,0
70,1,1,3,1,-1,1,3,0
70,2,1,3,3,-1,1,3,0
70,3,1,3,0,-1,1,2,0
70,4,1,2,0,-1,1,1,0
70,5,1,1,2,-1,0,1,0
70,6,0,1,3,-1,1,1,0
70,7,1,1,0,-1,1,0,0
70,8,1,0,3,-1,2,0,0
70,9,2,0,3,-1,3,0,0
70,10,3,0,3,-1,4,0,0
70,11,4,0,1,-1,4,1,0
70,12,4,1,1,-1,4,2,0
70,13,4,2,1,-1,4,3,0
70,14,4,3,3,-1,5,3,0
70,15,5,3,3,-1,6,3,0
70,16,6,3,3,0,7,3,1
71,0,0,3,0,-1,0,2,0
71,1,0,2,3,-1,1,2,0
71,2,1,2,0,-1,1,1,0
71,3,1,1,0,-1,1,0,0
71,4,1,0,3,-1,2,0,0
71,5,2,0,3,-1,3,0,0
71,6,3,0,1,-1,3,1,0
71,7,3,1,0,-1,3,0,0
71,8,3,0,1,-1,3,1,0
71,9,3,1,3,-1,4,1,0
71,10,4,1,1,-1,4,2,0
71,11,4,2,1,-1,4,3,0
71,12,4,3,3,-1,5,3,0
71,13,5,3,3,-1,6,3,0
71,14,6,3,3,0,7,3,1
72,0,0,3,0,-1,0,2,0
72,1,0,2,0,-1,0,1,0
72,2,0,1,0,-1,0,0,0
72,3,0,0,3,-1,1,0,0
72,4,1,0,3,-1,2,0,0
72,5,2,0,3,-1,3,0,0
72,6,3,0,1,-1,3,1,0
72,7,3,1,3,-1,4,1,0
72,8,4,1,1,-1,4,2,0
72,9,4,2,1,-1,4,3,0
72,10,4,3,3,-1,5,3,0
72,11,5,3,3,-1,6,3,0
72,12,6,3,3,0,7,3,1
73,0,0,3,3,-1,1,3,0
73,1,1,3,0,-1,1,2,0
73,2,1,2,0,-1,1,1,0
73,3,1,1,0,-1,1,0,0
73,4,1,0,3,-1,2,0,0
73,5,2,0,3,-1,3,0,0
73,6,3,0,1,-1,3,1,0
73,7,3,1,1,-1,3,2,0
73,8,3,2,3,-1,4,2,0
73,9,4,2,1,-1,4,3,0
73,10,4,3,3,-1,5,3,0
73,11,5,3,3,-1,6,3,0
73,12,6,3,3,0,7,3,1
74,0,0,3,0,-1,0,2,0
74,1,0,2,0,-1,0,1,0
74,2,0,1,3,-1,1,1,0
74,3,1,1,0,-1,1,0,0
74,4,1,0,3,-1,2,0,0
74,5,2,0,3,-1,3,0,0
74,6,3,0,1,-1,3,1,0
74,7,3,1,1,-1,3,2,0
74,8,3,2,1,-1,3,3,0
74,9,3,3,3,-1,4,3,0
74,10,4,3,3,-1,5,3,0
74,11,5,3,3,-1,6,3,0
74,12,6,3,0,-1,6,2,0
74,13,6,2,0,-1,6,1,0
74,14,6,1,2,-1,6,1,0
74,15,6,1,3,-1,7,1,0
74,16,7,1,3,-1,7,1,0
74,17,7,1,0,-1,7,0,0
74,18,7,0,3,-1,7,0,0
74,19,7,0,0,-1,7,0,0
74,20,7,0,1,-1,7,1,0
74,21,7,1,1,-1,7,2,0
74,22,7,2,1,0,7,3,1
75,0,0,3,0,-1,0,2,0
75,1,0,2,3,-1,1,2,0
75,2,1,2,0,-1,1,1,0
75,3,1,1,0,-1,1,0,0
75,4,1,0,3,-1,2,0,0
75,5,2,0,3,-1,3,0,0
75,6,3,0,1,-1,3,1,0
75,7,3,1,1,-1,3,2,0
75,8,3,2,3,-1,4,2,0
75,9,4,2,1,-1,4,3,0
75,10,4,3,3,-1,5,3,0
75,11,5,3,0,-1,5,3,0
75,12,5,3,0,-1,5,3,0
75,13,5,3,3,-1,6,3,0
75,14,6,3,3,0,7,3,1
76,0,0,3,3,-1,1,3,0
76,1,1,3,0,-1,1,2,0
76,2,1,2,0,-1,1,1,0
76,3,1,1,0,-1,1,0,0
76,4,1,0,3,-1,2,0,0
76,5,2,0,3,-1,3,0,0
76,6,3,0,3,-1,4,0,0
76,7,4,0,1,-1,4,1,0
76,8,4,1,1,-1,4,2,0
76,9,4,2,1,-1,4,3,0
76,10,4,3,3,-1,5,3,0
76,11,5,3,3,-1,6,3,0
76,12,6,3,3,0,7,3,1
77,0,0,3,0,-1,0,2,0
77,1,0,2,2,-1,0,2,0
77,2,0,2,0,-1,0,1,0
77,3,0,1,0,-1,0,0,0
77,4,0,0,3,-1,1,0,0
77,5,1,0,3,-1,2,0,0
77,6,2,0,3,-1,3,0,0
77,7,3,0,1,-1,3,1,0
77,8,3,1,1,-1,3,2,0
77,9,3,2,1,-1,3,3,0
77,10,3,3,3,-1,4,3,0
77,11,4,3,3,-1,5,3,0
77,12,5,3,3,-1,6,3,0
77,13,6,3,3,0,7,3,1
78,0,0,3,0,-1,0,2,0
78,1,0,2,0,-1,0,1,0
78,2,0,1,3,-1,1,1,0
78,3,1,1,0,-1,1,0,0
78,4,1,0,3,-1,2,0,0
78,5,2,0,3,-1,3,0,0
78,6,3,0,1,-1,3,1,0
78,7,3,1,1,-1,3,2,0
78,8,3,2,3,-1,4,2,0
78,9,4,2,1,-1,4,3,0
78,10,4,3,3,-1,5,3,0
78,11,5,3,1,-1,5,3,0
78,12,5,3,3,-1,6,3,0
78,13,6,3,3,0,7,3,1
79,0,0,3,3,-1,1,3,0
79,1,1,3,0,-1,1,2,0
79,2,1,2,0,-1,1,1,0
79,3,1,1,0,-1,1,0,0
79,4,1,0,3,-1,2,0,0
79,5,2,0,3,-1,3,0,0
79,6,3,0,3,-1,4,0,0
79,7,4,0,1,-1,4,1,0
79,8,4,1,1,-1,4,2,0
79,9,4,2,1,-1,4,3,0
79,10,4,3,3,-1,5,3,0
79,11,5,3,3,-1,6,3,0
79,12,6,3,3,0,7,3,1
80,0,0,3,0,-1,0,2,0
80,1,0,2,3,-1,1,2,0
80,2,1,2,0,-1,1,1,0
80,3,1,1,0,-1,1,0,0
80,4,1,0,3,-1,2,0,0
80,5,2,0,3,-1,3,0,0
80,6,3,0,1,-1,3,1,0
80,7,3,1,3,-1,4,1,0
80,8,4,1,1,-1,4,2,0
80,9,4,2,1,-1,4,3,0
80,10,4,3,3,-1,5,3,0
80,11,5,3,3,-1,6,3,0
80,12,6,3,3,0,7,3,1
81,0,0,3,1,-1,0,3,0
81,1,0,3,0,-1,0,2,0
81,2,0,2,0,-1,0,1,0
81,3,0,1,0,-1,0,0,0
81,4,0,0,3,-1,1,0,0
81,5,1,0,3,-1,2,0,0
81,6,2,0,3,-1,3,0,0
81,7,3,0,1,-1,3,1,0
81,8,3,1,1,-1,3,2,0
81,9,3,2,1,-1,3,3,0
81,10,3,3,3,-1,4,3,0
81,11,4,3,3,-1,5,3,0
81,12,5,3,3,-1,6,3,0
81,13,6,3,3,0,7,3,1
82,0,0,3,0,-1,0,2,0
82,1,0,2,2,-1,0,2,0
82,2,0,2,0,-1,0,1,0
82,3,0,1,3,-1,1,1,0
82,4,1,1,0,-1,1,0,0
82,5,1,0,3,-1,2,0,0
82,6,2,0,1,-1,2,0,0
82,7,2,0,3,-1,3,0,0
82,8,3,0,1,-1,3,1,0
82,9,3,1,1,-1,3,2,0
82,10,3,2,3,-1,4,2,0
82,11,4,2,1,-1,4,3,0
82,12,4,3,3,-1,5,3,0
82,13,5,3,3,-1,6,3,0
82,14,6,3,3,0,7,3,1
83,0,0,3,3,-1,1,3,0
83,1,1,3,0,-1,1,2,0
83,2,1,2,0,-1,1,1,0
83,3,1,1,0,-1,1,0,0
83,4,1,0,3,-1,2,0,0
83,5,2,0,3,-1,3,0,0
83,6,3,0,3,-1,4,0,0
83,7,4,0,1,-1,4,1,0
83,8,4,1,1,-1,4,2,0
83,9,4,2,1,-1,4,3,0
83,10,4,3,3,-1,5,3,0
83,11,5,3,3,-1,6,3,0
83,12,6,3,0,-1,6,2,0
83,13,6,2,1,-1,6,3,0
83,14,6,3,3,0,7,3,1
84,0,0,3,0,-1,0,2,0
84,1,0,2,3,-1,1,2,0
84,2,1,2,0,-1,1,1,0
84,3,1,1,0,-1,1,0,0
84,4,1,0,3,-1,2,0,0
84,5,2,0,2,-1,1,0,0
84,6,1,0,3,-1,2,0,0
84,7,2,0,3,-1,3,0,0
84,8,3,0,0,-1,3,0,0
84,9,3,0,1,-1,3,1,0
84,10,3,1,3,-1,4,1,0
84,11,4,1,1,-1,4,2,0
84,12,4,2,1,-1,4,3,0
84,13,4,3,3,-1,5,3,0
84,14,5,3,2,-1,4,3,0
84,15,4,3,3,-1,5,3,0
84,16,5,3,3,-1,6,3,0
84,17,6,3,3,0,7,3,1
85,0,0,3,3,-1,1,3,0
85,1,1,3,0,-1,1,2,0
85,2,1,2,1,-1,1,3,0
85,3,1,3,0,-1,1,2,0
85,4,1,2,0,-1,1,1,0
85,5,1,1,0,-1,1,0,0
85,6,1,0,3,-1,2,0,0
85,7,2,0,3,-1,3,0,0
85,8,3,0,1,-1,3,1,0
85,9,3,1,1,-1,3,2,0
85,10,3,2,1,-1,3,3,0
85,11,3,3,3,-1,4,3,0
85,12,4,3,3,-1,5,3,0
85,13,5,3,3,-1,6,3,0
85,14,6,3,3,0,7,3,1
86,0,0,3,0,-1,0,2,0
86,1,0,2,0,-1,0,1,0
86,2,0,1,0,-1,0,0,0
86,3,0,0,3,-1,1,0,0
86,4,1,0,3,-1,2,0,0
86,5,2,0,3,-1,3,0,0
86,6,3,0,3,-1,4,0,0
86,7,4,0,1,-1,4,1,0
86,8,4,1,1,-1,4,2,0
86,9,4,2,1,-1,4,3,0
86,10,4,3,3,-1,5,3,0
86,11,5,3,3,-1,6,3,0
86,12,6,3,3,0,7,3,1
87,0,0,3,0,-1,0,2,0
87,1,0,2,0,-1,0,1,0
87,2,0,1,0,-1,0,0,0
87,3,0,0,3,-1,1,0,0
87,4,1,0,3,-1,2,0,0
87,5,2,0,3,-1,3,0,0
87,6,3,0,1,-1,3,1,0
87,7,3,1,1,-1,3,2,0
87,8,3,2,3,-1,4,2,0
87,9,4,2,1,-1,4,3,0
87,10,4,3,3,-1,5,3,0
87,11,5,3,3,-1,6,3,0
87,12,6,3,3,0,7,3,1
88,0,0,3,0,-1,0,2,0
88,1,0,2,3,-1,1,2,0
88,2,1,2,0,-1,1,1,0
88,3,1,1,0,-1,1,0,0
88,4,1,0,3,-1,2,0,0
88,5,2,0,3,-1,3,0,0
88,6,3,0,1,-1,3,1,0
88,7,3,1,3,-1,4,1,0
88,8,4,1,1,-1,4,2,0
88,9,4,2,1,-1,4,3,0
88,10,4,3,3,-1,5,3,0
88,11,5,3,3,-1,6,3,0
88,12,6,3,3,0,7,3,1
89,0,0,3,3,-1,1,3,0
89,1,1,3,0,-1,1,2,0
89,2,1,2,0,-1,1,1,0
89,3,1,1,0,-1,1,0,0
89,4,1,0,3,-1,2,0,0
89,5,2,0,3,-1,3,0,0
89,6,3,0,3,-1,4,0,0
89,7,4,0,0,-1,4,0,0
89,8,4,0,1,-1,4,1,0
89,9,4,1,1,-1,4,2,0
89,10,4,2,1,-1,4,3,0
89,11,4,3,3,-1,5,3,0
89,12,5,3,3,-1,6,3,0
89,13,6,3,2,-1,5,3,0
89,14,5,3,3,-1,6,3,0
89,15,6,3,3,0,7,3,1
90,0,0,3,0,-1,0,2,0
90,1,0,2,0,-1,0,1,0
90,2,0,1,3,-1,1,1,0
90,3,1,1,0,-1,1,0,0
90,4,1,0,0,-1,1,0,0
90,5,1,0,3,-1,2,0,0
90,6,2,0,3,-1,3,0,0
90,7,3,0,1,-1,3,1,0
90,8,3,1,1,-1,3,2,0
90,9,3,2,1,-1,3,3,0
90,10,3,3,3,-1,4,3,0
90,11,4,3,3,-1,5,3,0
90,12,5,3,3,-1,6,3,0
90,13,6,3,3,0,7,3,1
91,0,0,3,0,-1,0,2,0
91,1,0,2,0,-1,0,1,0
91,2,0,1,0,-1,0,0,0
91,3,0,0,3,-1,1,0,0
91,4,1,0,3,-1,2,0,0
91,5,2,0,0,-1,2,0,0
91,6,2,0,3,-1,3,0,0
91,7,3,0,1,-1,3,1,0
91,8,3,1,1,-1,3,2,0
91,9,3,2,3,-1,4,2,0
91,10,4,2,1,-1,4,3,0
91,11,4,3,3,-1,5,3,0
91,12,5,3,3,-1,6,3,0
91,13,6,3,3,0,7,3,1
92,0,0,3,0,-1,0,2,0
92,1,0,2,0,-1,0,1,0
92,2,0,1,3,-1,1,1,0
92,3,1,1,0,-1,1,0,0
92,4,1,0,0,-1,1,0,0
92,5,1,0,3,-1,2,0,0
92,6,2,0,3,-1,3,0,0
92,7,3,0,1,-1,3,1,0
92,8,3,1,3,-1,4,1,0
92,9,4,1,1,-1,4,2,0
92,10,4,2,1,-1,4,3,0
92,11,4,3,3,-1,5,3,0
92,12,5,3,1,-1,5,3,0
92,13,5,3,3,-1,6,3,0
92,14,6,3,3,0,7,3,1
93,0,0,3,0,-1,0,2,0
93,1,0,2,3,-1,1,2,0
93,2,1,2,0,-1,1,1,0
93,3,1,1,0,-1,1,0,0
93,4,1,0,0,-1,1,0,0
93,5,1,0,3,-1,2,0,0
93,6,2,0,3,-1,3,0,0
93,7,3,0,1,-1,3,1,0
93,8,3,1,1,-1,3,2,0
93,9,3,2,1,-1,3,3,0
93,10,3,3,2,-1,3,3,0
93,11,3,3,3,-1,4,3,0
93,12,4,3,3,-1,5,3,0
93,13,5,3,2,-1,4,3,0
93,14,4,3,3,-1,5,3,0
93,15,5,3,3,-1,6,3,0
93,16,6,3,3,0,7,3,1
94,0,0,3,3,-1,1,3,0
94,1,1,3,0,-1,1,2,0
94,2,1,2,0,-1,1,1,0
94,3,1,1,0,-1,1,0,0
94,4,1,0,3,-1,2,0,0
94,5,2,0,3,-1,3,0,0
94,6,3,0,3,-1,4,0,0
94,7,4,0,1,-1,4,1,0
94,8,4,1,1,-1,4,2,0
94,9,4,2,2,-1,3,2,0
94,10,3,2,3,-1,4,2,0
94,11,4,2,1,-1,4,3,0
94,12,4,3,3,-1,5,3,0
94,13,5,3,3,-1,6,3,0
94,14,6,3,3,0,7,3,1
95,0,0,3,0,-1,0,2,0
95,1,0,2,0,-1,0,1,0
95,2,0,1,0,-1,0,0,0
95,3,0,0,3,-1,1,0,0
95,4,1,0,3,-1,2,0,0
95,5,2,0,3,-1,3,0,0
95,6,3,0,1,-1,3,1,0
95,7,3,1,1,-1,3,2,0
95,8,3,2,3,-1,4,2,0
95,9,4,2,1,-1,4,3,0
95,10,4,3,3,-1,5,3,0
95,11,5,3,3,-1,6,3,0
95,12,6,3,3,0,7,3,1
96,0,0,3,1,-1,0,3,0
96,1,0,3,0,-1,0,2,0
96,2,0,2,0,-1,0,1,0
96,3,0,1,3,-1,1,1,0
96,4,1,1,0,-1,1,0,0
96,5,1,0,3,-1,2,0,0
96,6,2,0,3,-1,3,0,0
96,7,3,0,1,-1,3,1,0
96,8,3,1,3,-1,4,1,0
96,9,4,1,1,-1,4,2,0
96,10,4,2,0,-1,4,1,0
96,11,4,1,1,-1,4,2,0
96,12,4,2,1,-1,4,3,0
96,13,4,3,3,-1,5,3,0
96,14,5,3,3,-1,6,3,0
96,15,6,3,3,0,7,3,1
97,0,0,3,3,-1,1,3,0
97,1,1,3,0,-1,1,2,0
97,2,1,2,0,-1,1,1,0
97,3,1,1,0,-1,1,0,0
97,4,1,0,3,-1,2,0,0
97,5,2,0,3,-1,3,0,0
97,6,3,0,3,-1,4,0,0
97,7,4,0,1,-1,4,1,0
97,8,4,1,1,-1,4,2,0
97,9,4,2,1,-1,4,3,0
97,10,4,3,2,-1,3,3,0
97,11,3,3,1,-1,3,3,0
97,12,3,3,3,-1,4,3,0
97,13,4,3,3,-1,5,3,0
97,14,5,3,1,-1,5,3,0
97,15,5,3,1,-1,5,3,0
97,16,5,3,3,-1,6,3,0
97,17,6,3,3,0,7,3,1
98,0,0,3,0,-1,0,2,0
98,1,0,2,3,-1,1,2,0
98,2,1,2,0,-1,1,1,0
98,3,1,1,0,-1,1,0,0
98,4,1,0,3,-1,2,0,0
98,5,2,0,3,-1,3,0,0
98,6,3,0,1,-1,3,1,0
98,7,3,1,1,-1,3,2,0
98,8,3,2,1,-1,3,3,0
98,9,3,3,2,-1,3,3,0
98,10,3,3,2,-1,3,3,0
98,11,3,3,3,-1,4,3,0
98,12,4,3,3,-1,5,3,0
98,13,5,3,3,-1,6,3,0
98,14,6,3,3,0,7,3,1
99,0,0,3,0,-1,0,2,0
99,1,0,2,0,-1,0,1,0
99,2,0,1,0,-1,0,0,0
99,3,0,0,3,-1,1,0,0
99,4,1,0,3,-1,2,0,0
99,5,2,0,3,-1,3,0,0
99,6,3,0,1,-1,3,1,0
99,7,3,1,1,-1,3,2,0
99,8,3,2,1,-1,3,3,0
99,9,3,3,3,-1,4,3,0
99,10,4,3,3,-1,5,3,0
99,11,5,3,3,-1,6,3,0
99,12,6,3,3,0,7,3,1
100,0,0,3,0,-1,0,2,0
100,1,0,2,0,-1,0,1,0
100,2,0,1,3,-1,1,1,0
100,3,1,1,0,-1,1,0,0
100,4,1,0,3,-1,2,0,0
100,5,2,0,3,-1,3,0,0
100,6,3,0,1,-1,3,1,0
100,7,3,1,3,-1,4,1,0
100,8,4,1,1,-1,4,2,0
100,9,4,2,1,-1,4,3,0
100,10,4,3,3,-1,5,3,0
100,11,5,3,3,-1,6,3,0
100,12,6,3,3,0,7,3,1
101,0,0,3,3,-1,1,3,0
101,1,1,3,0,-1,1,2,0
101,2,1,2,0,-1,1,1,0
101,3,1,1,0,-1,1,0,0
101,4,1,0,3,-1,2,0,0
101,5,2,0,3,-1,3,0,0
101,6,3,0,3,-1,4,0,0
101,7,4,0,1,-1,4,1,0
101,8,4,1,1,-1,4,2,0
101,9,4,2,1,-1,4,3,0
101,10,4,3,3,-1,5,3,0
101,11,5,3,3,-1,6,3,0
101,12,6,3,2,-1,5,3,0
101,13,5,3,3,-1,6,3,0
101,14,6,3,3,0,7,3,1
102,0,0,3,0,-1,0,2,0
102,1,0,2,3,-1,1,2,0
102,2,1,2,3,-1,1,2,0
102,3,1,2,0,-1,1,1,0
102,4,1,1,0,-1,1,0,0
102,5,1,0,3,-1,2,0,0
102,6,2,0,3,-1,3,0,0
102,7,3,0,1,-1,3,1,0
102,8,3,1,1,-1,3,2,0
102,9,3,2,3,-1,4,2,0
102,10,4,2,1,-1,4,3,0
102,11,4,3,3,-1,5,3,0
102,12,5,3,3,-1,6,3,0
102,13,6,3,3,0,7,3,1
103,0,0,3,0,-1,0,2,0
103,1,0,2,0,-1,0,1,0
103,2,0,1,0,-1,0,0,0
103,3,0,0,3,-1,1,0,0
103,4,1,0,3,-1,2,0,0
103,5,2,0,3,-1,3,0,0
103,6,3,0,1,-1,3,1,0
103,7,3,1,1,-1,3,2,0
103,8,3,2,1,-1,3,3,0
103,9,3,3,3,-1,4,3,0
103,10,4,3,3,-1,5,3,0
103,11,5,3,1,-1,5,3,0
103,12,5,3,3,-1,6,3,0
103,13,6,3,3,0,7,3,1
104,0,0,3,0,-1,0,2,0
104,1,0,2,0,-1,0,1,0
104,2,0,1,0,-1,0,0,0
104,3,0,0,3,-1,1,0,0
104,4,1,0,3,-1,2,0,0
104,5,2,0,3,-1,3,0,0
104,6,3,0,1,-1,3,1,0
104,7,3,1,3,-1,4,1,0
104,8,4,1,1,-1,4,2,0
104,9,4,2,1,-1,4,3,0
104,10,4,3,3,-1,5,3,0
104,11,5,3,3,-1,6,3,0
104,12,6,3,3,0,7,3,1
105,0,0,3,3,-1,1,3,0
105,1,1,3,0,-1,1,2,0
105,2,1,2,0,-1,1,1,0
105,3,1,1,0,-1,1,0,0
105,4,1,0,3,-1,2,0,0
105,5,2,0,3,-1,3,0,0
105,6,3,0,3,-1,4,0,0
105,7,4,0,1,-1,4,1,0
105,8,4,1,1,-1,4,2,0
105,9,4,2,1,-1,4,3,0
105,10,4,3,3,-1,5,3,0
105,11,5,3,3,-1,6,3,0
105,12,6,3,3,0,7,3,1
106,0,0,3,0,-1,0,2,0
106,1,0,2,3,-1,1,2,0
106,2,1,2,1,-1,1,3,0
106,3,1,3,0,-1,1,2,0
106,4,1,2,0,-1,1,1,0
106,5,1,1,0,-1,1,0,0
106,6,1,0,3,-1,2,0,0
106,7,2,0,3,-1,3,0,0
106,8,3,0,1,-1,3,1,0
106,9,3,1,1,-1,3,2,0
106,10,3,2,3,-1,4,2,0
106,11,4,2,1,-1,4,3,0
106,12,4,3,3,-1,5,3,0
106,13,5,3,3,-1,6,3,0
106,14,6,3,3,0,7,3,1
107,0,0,3,0,-1,0,2,0
107,1,0,2,0,-1,0,1,0
107,2,0,1,3,-1,1,1,0
107,3,1,1,0,-1,1,0,0
107,4,1,0,3,-1,2,0,0
107,5,2,0,3,-1,3,0,0
107,6,3,0,1,-1,3,1,0
107,7,3,1,3,-1,4,1,0
107,8,4,1,1,-1,4,2,0
107,9,4,2,3,-1,4,2,0
107,10,4,2,1,-1,4,3,0
107,11,4,3,3,-1,5,3,0
107,12,5,3,3,-1,6,3,0
107,13,6,3,3,0,7,3,1
108,0,0,3,3,-1,1,3,0
108,1,1,3,0,-1,1,2,0
108,2,1,2,0,-1,1,1,0
108,3,1,1,0,-1,1,0,0
108,4,1,0,3,-1,2,0,0
108,5,2,0,3,-1,3,0,0
108,6,3,0,1,-1,3,1,0
108,7,3,1,1,-1,3,2,0
108,8,3,2,1,-1,3,3,0
108,9,3,3,3,-1,4,3,0
108,10,4,3,3,-1,5,3,0
108,11,5,3,3,-1,6,3,0
108,12,6,3,3,0,7,3,1
109,0,0,3,0,-1,0,2,0
109,1,0,2,0,-1,0,1,0
109,2,0,1,0,-1,0,0,0
109,3,0,0,1,-1,0,1,0
109,4,0,1,3,-1,1,1,0
109,5,1,1,0,-1,1,0,0
109,6,1,0,3,-1,2,0,0
109,7,2,0,2,-1,1,0,0
109,8,1,0,3,-1,2,0,0
109,9,2,0,3,-1,3,0,0
109,10,3,0,3,-1,4,0,0
109,11,4,0,1,-1,4,1,0
109,12,4,1,1,-1,4,2,0
109,13,4,2,1,-1,4,3,0
109,14,4,3,3,-1,5,3,0
109,15,5,3,3,-1,6,3,0
109,16,6,3,3,0,7,3,1
110,0,0,3,0,-1,0,2,0
110,1,0,2,0,-1,0,1,0
110,2,0,1,0,-1,0,0,0
110,3,0,0,3,-1,1,0,0
110,4,1,0,3,-1,2,0,0
110,5,2,0,3,-1,3,0,0
110,6,3,0,3,-1,4,0,0
110,7,4,0,1,-1,4,1,0
110,8,4,1,1,-1,4,2,0
110,9,4,2,1,-1,4,3,0
110,10,4,3,1,-1,4,3,0
110,11,4,3,3,-1,5,3,0
110,12,5,3,3,-1,6,3,0
110,13,6,3,3,0,7,3,1
111,0,0,3,3,-1,1,3,0
111,1,1,3,0,-1,1,2,0
111,2,1,2,0,-1,1,1,0
111,3,1,1,0,-1,1,0,0
111,4,1,0,3,-1,2,0,0
111,5,2,0,3,-1,3,0,0
111,6,3,0,1,-1,3,1,0
111,7,3,1,1,-1,3,2,0
111,8,3,2,3,-1,4,2,0
111,9,4,2,1,-1,4,3,0
111,10,4,3,2,-1,3,3,0
111,11,3,3,3,-1,4,3,0
111,12,4,3,3,-1,5,3,0
111,13,5,3,0,-1,5,3,0
111,14,5,3,3,-1,6,3,0
111,15,6,3,3,0,7,3,1
112,0,0,3,1,-1,0,3,0
112,1,0,3,2,-1,0,3,0
112,2,0,3,0,-1,0,2,0
112,3,0,2,3,-1,1,2,0
112,4,1,2,0,-1,1,1,0
112,5,1,1,0,-1,1,0,0
112,6,1,0,3,-1,2,0,0
112,7,2,0,3,-1,3,0,0
112,8,3,0,1,-1,3,1,0
112,9,3,1,3,-1,4,1,0
112,10,4,1,1,-1,4,2,0
112,11,4,2,1,-1,4,3,0
112,12,4,3,3,-1,5,3,0
112,13,5,3,3,-1,6,3,0
112,14,6,3,3,0,7,3,1
113,0,0,3,0,-1,0,2,0
113,1,0,2,0,-1,0,1,0
113,2,0,1,3,-1,1,1,0
113,3,1,1,0,-1,1,0,0
113,4,1,0,3,-1,2,0,0
113,5,2,0,3,-1,3,0,0
113,6,3,0,1,-1,3,1,0
113,7,3,1,1,-1,3,2,0
113,8,3,2,1,-1,3,3,0
113,9,3,3,3,-1,4,3,0
113,10,4,3,3,-1,5,3,0
113,11,5,3,3,-1,6,3,0
113,12,6,3,3,0,7,3,1
114,0,0,3,0,-1,0,2,0
114,1,0,2,3,-1,1,2,0
114,2,1,2,0,-1,1,1,0
114,3,1,1,0,-1,1,0,0
114,4,1,0,3,-1,2,0,0
114,5,2,0,3,-1,3,0,0
114,6,3,0,2,-1,2,0,0
114,7,2,0,3,-1,3,0,0
114,8,3,0,1,-1,3,1,0
114,9,3,1,0,-1,3,0,0
114,10,3,0,1,-1,3,1,0
114,11,3,1,1,-1,3,2,0
114,12,3,2,3,-1,4,2,0
114,13,4,2,1,-1,4,3,0
114,14,4,3,3,-1,5,3,0
114,15,5,3,3,-1,6,3,0
114,16,6,3,3,0,7,3,1
115,0,0,3,0,-1,0,2,0
115,1,0,2,0,-1,0,1,0
115,2,0,1,0,-1,0,0,0
115,3,0,0,3,-1,1,0,0
115,4,1,0,3,-1,2,0,0
115,5,2,0,3,-1,3,0,0
115,6,3,0,0,-1,3,0,0
115,7,3,0,3,-1,4,0,0
115,8,4,0,1,-1,4,1,0
115,9,4,1,1,-1,4,2,0
115,10,4,2,1,-1,4,3,0
115,11,4,3,3,-1,5,3,0
115,12,5,3,3,-1,6,3,0
115,13,6,3,3,0,7,3,1
116,0,0,3,3,-1,1,3,0
116,1,1,3,0,-1,1,2,0
116,2,1,2,0,-1,1,1,0
116,3,1,1,0,-1,1,0,0
116,4,1,0,3,-1,2,0,0
116,5,2,0,3,-1,3,0,0
116,6,3,0,1,-1,3,1,0
116,7,3,1,3,-1,4,1,0
116,8,4,1,0,-1,4,0,0
116,9,4,0,1,-1,4,1,0
116,10,4,1,1,-1,4,2,0
116,11,4,2,1,-1,4,3,0
116,12,4,3,3,-1,5,3,0
116,13,5,3,3,-1,6,3,0
116,14,6,3,3,0,7,3,1
117,0,0,3,0,-1,0,2,0
117,1,0,2,0,-1,0,1,0
117,2,0,1,1,-1,0,2,0
117,3,0,2,2,-1,0,2,0
117,4,0,2,3,-1,1,2,0
117,5,1,2,0,-1,1,1,0
117,6,1,1,0,-1,1,0,0
117,7,1,0,3,-1,2,0,0
117,8,2,0,3,-1,3,0,0
117,9,3,0,1,-1,3,1,0
117,10,3,1,1,-1,3,2,0
117,11,3,2,1,-1,3,3,0
117,12,3,3,3,-1,4,3,0
117,13,4,3,3,-1,5,3,0
117,14,5,3,3,-1,6,3,0
117,15,6,3,3,0,7,3,1
118,0,0,3,0,-1,0,2,0
118,1,0,2,0,-1,0,1,0
118,2,0,1,0,-1,0,0,0
118,3,0,0,3,-1,1,0,0
118,4,1,0,3,-1,2,0,0
118,5,2,0,3,-1,3,0,0
118,6,3,0,1,-1,3,1,0
118,7,3,1,1,-1,3,2,0
118,8,3,2,3,-1,4,2,0
118,9,4,2,1,-1,4,3,0
118,10,4,3,3,-1,5,3,0
118,11,5,3,3,-1,6,3,0
118,12,6,3,3,0,7,3,1
119,0,0,3,3,-1,1,3,0
119,1,1,3,0,-1,1,2,0
119,2,1,2,2,-1,0,2,0
119,3,0,2,0,-1,0,1,0
119,4,0,1,3,-1,1,1,0
119,5,1,1,0,-1,1,0,0
119,6,1,0,3,-1,2,0,0
119,7,2,0,1,-1,2,0,0
119,8,2,0,3,-1,3,0,0
119,9,3,0,1,-1,3,1,0
119,10,3,1,3,-1,4,1,0
119,11,4,1,1,-1,4,2,0
119,12,4,2,1,-1,4,3,0
119,13,4,3,3,-1,5,3,0
119,14,5,3,3,-1,6,3,0
119,15,6,3,3,0,7,3,1
120,0,0,3,0,-1,0,2,0
120,1,0,2,0,-1,0,1,0
120,2,0,1,0,-1,0,0,0
120,3,0,0,3,-1,1,0,0
120,4,1,0,3,-1,2,0,0
120,5,2,0,3,-1,3,0,0
120,6,3,0,3,-1,4,0,0
120,7,4,0,1,-1,4,1,0
120,8,4,1,1,-1,4,2,0
120,9,4,2,1,-1,4,3,0
120,10,4,3,3,-1,5,3,0
120,11,5,3,3,-1,6,3,0
120,12,6,3,3,0,7,3,1
121,0,0,3,0,-1,0,2,0
121,1,0,2,3,-1,1,2,0
121,2,1,2,0,-1,1,1,0
121,3,1,1,0,-1,1,0,0
121,4,1,0,3,-1,2,0,0
121,5,2,0,3,-1,3,0,0
121,6,3,0,1,-1,3,1,0
121,7,3,1,1,-1,3,2,0
121,8,3,2,1,-1,3,3,0
121,9,3,3,3,-1,4,3,0
121,10,4,3,3,-1,5,3,0
121,11,5,3,3,-1,6,3,0
121,12,6,3,3,0,7,3,1
122,0,0,3,3,-1,1,3,0
122,1,1,3,1,-1,1,3,0
122,2,1,3,0,-1,1,2,0
122,3,1,2,0,-1,1,1,0
122,4,1,1,0,-1,1,0,0
122,5,1,0,3,-1,2,0,0
122,6,2,0,3,-1,3,0,0
122,7,3,0,1,-1,3,1,0
122,8,3,1,3,-1,4,1,0
122,9,4,1,1,-1,4,2,0
122,10,4,2,1,-1,4,3,0
122,11,4,3,3,-1,5,3,0
122,12,5,3,3,-1,6,3,0
122,13,6,3,3,0,7,3,1
123,0,0,3,0,-1,0,2,0
123,1,0,2,0,-1,0,1,0
123,2,0,1,3,-1,1,1,0
123,3,1,1,0,-1,1,0,0
123,4,1,0,3,-1,2,0,0
123,5,2,0,3,-1,3,0,0
123,6,3,0,1,-1,3,1,0
123,7,3,1,1,-1,3,2,0
123,8,3,2,3,-1,4,2,0
123,9,4,2,3,-1,4,2,0
123,10,4,2,1,-1,4,3,0
123,11,4,3,3,-1,5,3,0
123,12,5,3,3,-1,6,3,0
123,13,6,3,3,0,7,3,1
124,0,0,3,2,-1,0,3,0
124,1,0,3,0,-1,0,2,0
124,2,0,2,0,-1,0,1,0
124,3,0,1,0,-1,0,0,0
124,4,0,0,3,-1,1,0,0
124,5,1,0,3,-1,2,0,0
124,6,2,0,3,-1,3,0,0
124,7,3,0,3,-1,4,0,0
124,8,4,0,1,-1,4,1,0
124,9,4,1,1,-1,4,2,0
124,10,4,2,1,-1,4,3,0
124,11,4,3,2,-1,3,3,0
124,12,3,3,3,-1,4,3,0
124,13,4,3,3,-1,5,3,0
124,14,5,3,3,-1,6,3,0
124,15,6,3,3,0,7,3,1
125,0,0,3,0,-1,0,2,0
125,1,0,2,0,-1,0,1,0
125,2,0,1,3,-1,1,1,0
125,3,1,1,0,-1,1,0,0
125,4,1,0,3,-1,2,0,0
125,5,2,0,3,-1,3,0,0
125,6,3,0,1,-1,3,1,0
125,7,3,1,1,-1,3,2,0
125,8,3,2,1,-1,3,3,0
125,9,3,3,3,-1,4,3,0
125,10,4,3,3,-1,5,3,0
125,11,5,3,3,-1,6,3,0
125,12,6,3,3,0,7,3,1
126,0,0,3,3,-1,1,3,0
126,1,1,3,0,-1,1,2,0
126,2,1,2,0,-1,1,1,0
126,3,1,1,0,-1,1,0,0
126,4,1,0,3,-1,2,0,0
126,5,2,0,3,-1,3,0,0
126,6,3,0,1,-1,3,1,0
126,7,3,1,1,-1,3,2,0
126,8,3,2,3,-1,4,2,0
126,9,4,2,1,-1,4,3,0
126,10,4,3,3,-1,5,3,0
126,11,5,3,1,-1,5,3,0
126,12,5,3,3,-1,6,3,0
126,13,6,3,3,0,7,3,1
127,0,0,3,0,-1,0,2,0
127,1,0,2,3,-1,1,2,0
127,2,1,2,0,-1,1,1,0
127,3,1,1,0,-1,1,0,0
127,4,1,0,0,-1,1,0,0
127,5,1,0,3,-1,2,0,0
127,6,2,0,3,-1,3,0,0
127,7,3,0,2,-1,2,0,0
127,8,2,0,3,-1,3,0,0
127,9,3,0,1,-1,3,1,0
127,10,3,1,3,-1,4,1,0
127,11,4,1,1,-1,4,2,0
127,12,4,2,1,-1,4,3,0
127,13,4,3,3,-1,5,3,0
127,14,5,3,3,-1,6,3,0
127,15,6,3,3,0,7,3,1
128,0,0,3,0,-1,0,2,0
128,1,0,2,0,-1,0,1,0
128,2,0,1,0,-1,0,0,0
128,3,0,0,3,-1,1,0,0
128,4,1,0,3,-1,2,0,0
128,5,2,0,3,-1,3,0,0
128,6,3,0,3,-1,4,0,0
128,7,4,0,1,-1,4,1,0
128,8,4,1,1,-1,4,2,0
128,9,4,2,1,-1,4,3,0
128,10,4,3,3,-1,5,3,0
128,11,5,3,3,-1,6,3,0
128,12,6,3,3,0,7,3,1
129,0,0,3,3,-1,1,3,0
129,1,1,3,0,-1,1,2,0
129,2,1,2,0,-1,1,1,0
129,3,1,1,0,-1,1,0,0
129,4,1,0,3,-1,2,0,0
129,5,2,0,3,-1,3,0,0
129,6,3,0,1,-1,3,1,0
129,7,3,1,1,-1,3,2,0
129,8,3,2,1,-1,3,3,0
129,9,3,3,3,-1,4,3,0
129,10,4,3,3,-1,5,3,0
129,11,5,3,3,-1,6,3,0
129,12,6,3,3,0,7,3,1
130,0,0,3,0,-1,0,2,0
130,1,0,2,0,-1,0,1,0
130,2,0,1,3,-1,1,1,0
130,3,1,1,0,-1,1,0,0
130,4,1,0,3,-1,2,0,0
130,5,2,0,3,-1,3,0,0
130,6,3,0,1,-1,3,1,0
130,7,3,1,2,-1,3,1,0
130,8,3,1,1,-1,3,2,0
130,9,3,2,3,-1,4,2,0
130,10,4,2,1,-1,4,3,0
130,11,4,3,3,-1,5,3,0
130,12,5,3,3,-1,6,3,0
130,13,6,3,3,0,7,3,1
131,0,0,3,0,-1,0,2,0
131,1,0,2,3,-1,1,2,0
131,2,1,2,0,-1,1,1,0
131,3,1,1,0,-1,1,0,0
131,4,1,0,3,-1,2,0,0
131,5,2,0,3,-1,3,0,0
131,6,3,0,1,-1,3,1,0
131,7,3,1,3,-1,4,1,0
131,8,4,1,1,-1,4,2,0
131,9,4,2,1,-1,4,3,0
131,10,4,3,3,-1,5,3,0
131,11,5,3,3,-1,6,3,0
131,12,6,3,3,0,7,3,1
132,0,0,3,0,-1,0,2,0
132,1,0,2,0,-1,0,1,0
132,2,0,1,0,-1,0,0,0
132,3,0,0,3,-1,1,0,0
132,4,1,0,0,-1,1,0,0
132,5,1,0,3,-1,2,0,0
132,6,2,0,0,-1,2,0,0
132,7,2,0,3,-1,3,0,0
132,8,3,0,3,-1,4,0,0
132,9,4,0,1,-1,4,1,0
132,10,4,1,1,-1,4,2,0
132,11,4,2,1,-1,4,3,0
132,12,4,3,3,-1,5,3,0
132,13,5,3,3,-1,6,3,0
132,14,6,3,3,0,7,3,1
133,0,0,3,3,-1,1,3,0
133,1,1,3,0,-1,1,2,0
133,2,1,2,0,-1,1,1,0
133,3,1,1,3,-1,1,1,0
133,4,1,1,0,-1,1,0,0
133,5,1,0,1,-1,1,1,0
133,6,1,1,0,-1,1,0,0
133,7,1,0,3,-1,2,0,0
133,8,2,0,3,-1,3,0,0
133,9,3,0,1,-1,3,1,0
133,10,3,1,1,-1,3,2,0
133,11,3,2,1,-1,3,3,0
133,12,3,3,3,-1,4,3,0
133,13,4,3,3,-1,5,3,0
133,14,5,3,3,-1,6,3,0
133,15,6,3,3,0,7,3,1
134,0,0,3,0,-1,0,2,0
134,1,0,2,0,-1,0,1,0
134,2,0,1,2,-1,0,1,0
134,3,0,1,0,-1,0,0,0
134,4,0,0,3,-1,1,0,0
134,5,1,0,3,-1,2,0,0
134,6,2,0,3,-1,3,0,0
134,7,3,0,1,-1,3,1,0
134,8,3,1,1,-1,3,2,0
134,9,3,2,3,-1,4,2,0
134,10,4,2,1,-1,4,3,0
134,11,4,3,3,-1,5,3,0
134,12,5,3,3,-1,6,3,0
134,13,6,3,3,0,7,3,1
135,0,0,3,0,-1,0,2,0
135,1,0,2,3,-1,1,2,0
135,2,1,2,0,-1,1,1,0
135,3,1,1,0,-1,1,0,0
135,4,1,0,3,-1,2,0,0
135,5,2,0,3,-1,3,0,0
135,6,3,0,3,-1,4,0,0
135,7,4,0,2,-1,3,0,0
135,8,3,0,1,-1,3,1,0
135,9,3,1,3,-1,4,1,0
135,10,4,1,1,-1,4,2,0
135,11,4,2,1,-1,4,3,0
135,12,4,3,3,-1,5,3,0
135,13,5,3,3,-1,6,3,0
135,14,6,3,3,0,7,3,1
136,0,0,3,2,-1,0,3,0
136,1,0,3,0,-1,0,2,0
136,2,0,2,0,-1,0,1,0
136,3,0,1,3,-1,1,1,0
136,4,1,1,0,-1,1,0,0
136,5,1,0,3,-1,2,0,0
136,6,2,0,3,-1,3,0,0
136,7,3,0,1,-1,3,1,0
136,8,3,1,1,-1,3,2,0
136,9,3,2,1,-1,3,3,0
136,10,3,3,3,-1,4,3,0
136,11,4,3,3,-1,5,3,0
136,12,5,3,3,-1,6,3,0
136,13,6,3,3,0,7,3,1
137,0,0,3,3,-1,1,3,0
137,1,1,3,1,-1,1,3,0
137,2,1,3,0,-1,1,2,0
137,3,1,2,0,-1,1,1,0
137,4,1,1,0,-1,1,0,0
137,5,1,0,3,-1,2,0,0
137,6,2,0,3,-1,3,0,0
137,7,3,0,1,-1,3,1,0
137,8,3,1,1,-1,3,2,0
137,9,3,2,1,-1,3,3,0
137,10,3,3,3,-1,4,3,0
137,11,4,3,3,-1,5,3,0
137,12,5,3,3,-1,6,3,0
137,13,6,3,3,0,7,3,1
138,0,0,3,0,-1,0,2,0
138,1,0,2,0,-1,0,1,0
138,2,0,1,0,-1,0,0,0
138,3,0,0,3,-1,1,0,0
138,4,1,0,3,-1,2,0,0
138,5,2,0,3,-1,3,0,0
138,6,3,0,3,-1,4,0,0
138,7,4,0,1,-1,4,1,0
138,8,4,1,1,-1,4,2,0
138,9,4,2,1,-1,4,3,0
138,10,4,3,3,-1,5,3,0
138,11,5,3,3,-1,6,3,0
138,12,6,3,3,0,7,3,1
139,0,0,3,0,-1,0,2,0
139,1,0,2,0,-1,0,1,0
139,2,0,1,3,-1,1,1,0
139,3,1,1,0,-1,1,0,0
139,4,1,0,3,-1,2,0,0
139,5,2,0,3,-1,3,0,0
139,6,3,0,1,-1,3,1,0
139,7,3,1,3,-1,4,1,0
139,8,4,1,1,-1,4,2,0
139,9,4,2,1,-1,4,3,0
139,10,4,3,3,-1,5,3,0
139,11,5,3,3,-1,6,3,0
139,12,6,3,3,0,7,3,1
140,0,0,3,3,-1,1,3,0
140,1,1,3,0,-1,1,2,0
140,2,1,2,0,-1,1,1,0
140,3,1,1,0,-1,1,0,0
140,4,1,0,0,-1,1,0,0
140,5,1,0,3,-1,2,0,0
140,6,2,0,2,-1,1,0,0
140,7,1,0,3,-1,2,0,0
140,8,2,0,3,-1,3,0,0
140,9,3,0,1,-1,3,1,0
140,10,3,1,1,-1,3,2,0
140,11,3,2,3,-1,4,2,0
140,12,4,2,1,-1,4,3,0
140,13,4,3,3,-1,5,3,0
140,14,5,3,3,-1,6,3,0
140,15,6,3,3,0,7,3,1
141,0,0,3,0,-1,0,2,0
141,1,0,2,0,-1,0,1,0
141,2,0,1,0,-1,0,0,0
141,3,0,0,3,-1,1,0,0
141,4,1,0,3,-1,2,0,0
141,5,2,0,3,-1,3,0,0
141,6,3,0,1,-1,3,1,0
141,7,3,1,0,-1,3,0,0
141,8,3,0,3,-1,4,0,0
141,9,4,0,1,-1,4,1,0
141,10,4,1,1,-1,4,2,0
141,11,4,2,1,-1,4,3,0
141,12,4,3,3,-1,5,3,0
141,13,5,3,3,-1,6,3,0
141,14,6,3,3,0,7,3,1
142,0,0,3,0,-1,0,2,0
142,1,0,2,3,-1,1,2,0
142,2,1,2,0,-1,1,1,0
142,3,1,1,0,-1,1,0,0
142,4,1,0,3,-1,2,0,0
142,5,2,0,3,-1,3,0,0
142,6,3,0,1,-1,3,1,0
142,7,3,1,1,-1,3,2,0
142,8,3,2,0,-1,3,1,0
142,9,3,1,3,-1,4,1,0
142,10,4,1,1,-1,4,2,0
142,11,4,2,1,-1,4,3,0
142,12,4,3,3,-1,5,3,0
142,13,5,3,3,-1,6,3,0
142,14,6,3,3,0,7,3,1
143,0,0,3,0,-1,0,2,0
143,1,0,2,0,-1,0,1,0
143,2,0,1,3,-1,1,1,0
143,3,1,1,0,-1,1,0,0
143,4,1,0,3,-1,2,0,0
143,5,2,0,1,-1,2,0,0
143,6,2,0,3,-1,3,0,0
143,7,3,0,1,-1,3,1,0
143,8,3,1,0,-1,3,0,0
143,9,3,0,1,-1,3,1,0
143,10,3,1,1,-1,3,2,0
143,11,3,2,1,-1,3,3,0
143,12,3,3,3,-1,4,3,0
143,13,4,3,3,-1,5,3,0
143,14,5,3,3,-1,6,3,0
143,15,6,3,3,0,7,3,1
144,0,0,3,3,-1,1,3,0
144,1,1,3,0,-1,1,2,0
144,2,1,2,0,-1,1,1,0
144,3,1,1,0,-1,1,0,0
144,4,1,0,1,-1,1,1,0
144,5,1,1,0,-1,1,0,0
144,6,1,0,3,-1,2,0,0
144,7,2,0,3,-1,3,0,0
144,8,3,0,1,-1,3,1,0
144,9,3,1,1,-1,3,2,0
144,10,3,2,2,-1,3,2,0
144,11,3,2,3,-1,4,2,0
144,12,4,2,1,-1,4,3,0
144,13,4,3,3,-1,5,3,0
144,14,5,3,3,-1,6,3,0
144,15,6,3,3,0,7,3,1
145,0,0,3,0,-1,0,2,0
145,1,0,2,1,-1,0,3,0
145,2,0,3,0,-1,0,2,0
145,3,0,2,3,-1,1,2,0
145,4,1,2,3,-1,1,2,0
145,5,1,2,0,-1,1,1,0
145,6,1,1,0,-1,1,0,0
145,7,1,0,3,-1,2,0,0
145,8,2,0,3,-1,3,0,0
145,9,3,0,3,-1,4,0,0
145,10,4,0,1,-1,4,1,0
145,11,4,1,1,-1,4,2,0
145,12,4,2,1,-1,4,3,0
145,13,4,3,3,-1,5,3,0
145,14,5,3,3,-1,6,3,0
145,15,6,3,3,0,7,3,1
146,0,0,3,0,-1,0,2,0
146,1,0,2,0,-1,0,1,0
146,2,0,1,0,-1,0,0,0
146,3,0,0,3,-1,1,0,0
146,4,1,0,3,-1,2,0,0
146,5,2,0,3,-1,3,0,0
146,6,3,0,1,-1,3,1,0
146,7,3,1,2,-1,3,1,0
146,8,3,1,1,-1,3,2,0
146,9,3,2,2,-1,3,2,0
146,10,3,2,3,-1,4,2,0
146,11,4,2,1,-1,4,3,0
146,12,4,3,3,-1,5,3,0
146,13,5,3,3,-1,6,3,0
146,14,6,3,3,0,7,3,1
147,0,0,3,0,-1,0,2,0
147,1,0,2,3,-1,1,2,0
147,2,1,2,0,-1,1,1,0
147,3,1,1,0,-1,1,0,0
147,4,1,0,3,-1,2,0,0
147,5,2,0,3,-1,3,0,0
147,6,3,0,1,-1,3,1,0
147,7,3,1,3,-1,4,1,0
147,8,4,1,1,-1,4,2,0
147,9,4,2,1,-1,4,3,0
147,10,4,3,2,-1,3,3,0
147,11,3,3,3,-1,4,3,0
147,12,4,3,2,-1,3,3,0
147,13,3,3,3,-1,4,3,0
147,14,4,3,0,-1,4,2,0
147,15,4,2,1,-1,4,3,0
147,16,4,3,3,-1,5,3,0
147,17,5,3,0,-1,5,3,0
147,18,5,3,0,-1,5,3,0
147,19,5,3,3,-1,6,3,0
147,20,6,3,3,0,7,3,1
148,0,0,3,3,-1,1,3,0
148,1,1,3,3,-1,1,3,0
148,2,1,3,0,-1,1,2,0
148,3,1,2,0,-1,1,1,0
148,4,1,1,0,-1,1,0,0
148,5,1,0,3,-1,2,0,0
148,6,2,0,3,-1,3,0,0
148,7,3,0,1,-1,3,1,0
148,8,3,1,1,-1,3,2,0
148,9,3,2,1,-1,3,3,0
148,10,3,3,3,-1,4,3,0
148,11,4,3,1,-1,4,3,0
148,12,4,3,3,-1,5,3,0
148,13,5,3,3,-1,6,3,0
148,14,6,3,3,0,7,3,1
149,0,0,3,1,-1,0,3,0
149,1,0,3,0,-1,0,2,0
149,2,0,2,0,-1,0,1,0
149,3,0,1,3,-1,1,1,0
149,4,1,1,0,-1,1,0,0
149,5,1,0,3,-1,2,0,0
149,6,2,0,3,-1,3,0,0
149,7,3,0,3,-1,4,0,0
149,8,4,0,1,-1,4,1,0
149,9,4,1,1,-1,4,2,0
149,10,4,2,1,-1,4,3,0
149,11,4,3,3,-1,5,3,0
149,12,5,3,3,-1,6,3,0
149,13,6,3,0,-1,6,2,0
149,14,6,2,3,-1,7,2,0
149,15,7,2,1,0,7,3,1
150,0,0,3,0,-1,0,2,0
150,1,0,2,0,-1,0,1,0
150,2,0,1,0,-1,0,0,0
150,3,0,0,3,-1,1,0,0
150,4,1,0,3,-1,2,0,0
150,5,2,0,3,-1,3,0,0
150,6,3,0,1,-1,3,1,0
150,7,3,1,1,-1,3,2,0
150,8,3,2,3,-1,4,2,0
150,9,4,2,1,-1,4,3,0
150,10,4,3,3,-1,5,3,0
150,11,5,3,3,-1,6,3,0
150,12,6,3,3,0,7,3,1
151,0,0,3,0,-1,0,2,0
151,1,0,2,0,-1,0,1,0
151,2,0,1,3,-1,1,1,0
151,3,1,1,0,-1,1,0,0
151,4,1,0,3,-1,2,0,0
151,5,2,0,2,-1,1,0,0
151,6,1,0,1,-1,1,1,0
151,7,1,1,0,-1,1,0,0
151,8,1,0,3,-1,2,0,0
151,9,2,0,3,-1,3,0,0
151,10,3,0,1,-1,3,1,0
151,11,3,1,1,-1,3,2,0
151,12,3,2,1,-1,3,3,0
151,13,3,3,3,-1,4,3,0
151,14,4,3,3,-1,5,3,0
151,15,5,3,3,-1,6,3,0
151,16,6,3,3,0,7,3,1
152,0,0,3,3,-1,1,3,0
152,1,1,3,0,-1,1,2,0
152,2,1,2,0,-1,1,1,0
152,3,1,1,0,-1,1,0,0
152,4,1,0,3,-1,2,0,0
152,5,2,0,3,-1,3,0,0
152,6,3,0,1,-1,3,1,0
152,7,3,1,3,-1,4,1,0
152,8,4,1,1,-1,4,2,0
152,9,4,2,1,-1,4,3,0
152,10,4,3,3,-1,5,3,0
152,11,5,3,1,-1,5,3,0
152,12,5,3,3,-1,6,3,0
152,13,6,3,3,0,7,3,1
153,0,0,3,0,-1,0,2,0
153,1,0,2,3,-1,1,2,0
153,2,1,2,0,-1,1,1,0
153,3,1,1,0,-1,1,0,0
153,4,1,0,3,-1,2,0,0
153,5,2,0,3,-1,3,0,0
153,6,3,0,1,-1,3,1,0
153,7,3,1,1,-1,3,2,0
153,8,3,2,1,-1,3,3,0
153,9,3,3,3,-1,4,3,0
153,10,4,3,0,-1,4,2,0
153,11,4,2,1,-1,4,3,0
153,12,4,3,3,-1,5,3,0
153,13,5,3,3,-1,6,3,0
153,14,6,3,3,0,7,3,1
154,0,0,3,0,-1,0,2,0
154,1,0,2,2,-1,0,2,0
154,2,0,2,0,-1,0,1,0
154,3,0,1,0,-1,0,0,0
154,4,0,0,3,-1,1,0,0
154,5,1,0,3,-1,2,0,0
154,6,2,0,3,-1,3,0,0
154,7,3,0,3,-1,4,0,0
154,8,4,0,0,-1,4,0,0
154,9,4,0,1,-1,4,1,0
154,10,4,1,1,-1,4,2,0
154,11,4,2,1,-1,4,3,0
154,12,4,3,3,-1,5,3,0
154,13,5,3,3,-1,6,3,0
154,14,6,3,3,0,7,3,1
155,0,0,3,3,-1,1,3,0
155,1,1,3,0,-1,1,2,0
155,2,1,2,0,-1,1,1,0
155,3,1,1,0,-1,1,0,0
155,4,1,0,3,-1,2,0,0
155,5,2,0,3,-1,3,0,0
155,6,3,0,1,-1,3,1,0
155,7,3,1,3,-1,4,1,0
155,8,4,1,1,-1,4,2,0
155,9,4,2,1,-1,4,3,0
155,10,4,3,3,-1,5,3,0
155,11,5,3,3,-1,6,3,0
155,12,6,3,3,0,7,3,1
156,0,0,3,0,-1,0,2,0
156,1,0,2,0,-1,0,1,0
156,2,0,1,0,-1,0,0,0
156,3,0,0,3,-1,1,0,0
156,4,1,0,3,-1,2,0,0
156,5,2,0,3,-1,3,0,0
156,6,3,0,1,-1,3,1,0
156,7,3,1,1,-1,3,2,0
156,8,3,2,3,-1,4,2,0
156,9,4,2,1,-1,4,3,0
156,10,4,3,3,-1,5,3,0
156,11,5,3,3,-1,6,3,0
156,12,6,3,3,0,7,3,1
157,0,0,3,0,-1,0,2,0
157,1,0,2,3,-1,1,2,0
157,2,1,2,0,-1,1,1,0
157,3,1,1,0,-1,1,0,0
157,4,1,0,3,-1,2,0,0
157,5,2,0,3,-1,3,0,0
157,6,3,0,1,-1,3,1,0
157,7,3,1,1,-1,3,2,0
157,8,3,2,0,-1,3,1,0
157,9,3,1,3,-1,4,1,0
157,10,4,1,1,-1,4,2,0
157,11,4,2,1,-1,4,3,0
157,12,4,3,3,-1,5,3,0
157,13,5,3,3,-1,6,3,0
157,14,6,3,3,0,7,3,1
158,0,0,3,0,-1,0,2,0
158,1,0,2,0,-1,0,1,0
158,2,0,1,3,-1,1,1,0
158,3,1,1,0,-1,1,0,0
158,4,1,0,3,-1,2,0,0
158,5,2,0,3,-1,3,0,0
158,6,3,0,3,-1,4,0,0
158,7,4,0,1,-1,4,1,0
158,8,4,1,1,-1,4,2,0
158,9,4,2,1,-1,4,3,0
158,10,4,3,3,-1,5,3,0
158,11,5,3,3,-1,6,3,0
158,12,6,3,2,-1,5,3,0
158,13,5,3,3,-1,6,3,0
158,14,6,3,3,0,7,3,1
159,0,0,3,3,-1,1,3,0
159,1,1,3,0,-1,1,2,0
159,2,1,2,0,-1,1,1,0
159,3,1,1,0,-1,1,0,0
159,4,1,0,1,-1,1,1,0
159,5,1,1,0,-1,1,0,0
159,6,1,0,3,-1,2,0,0
159,7,2,0,3,-1,3,0,0
159,8,3,0,1,-1,3,1,0
159,9,3,1,1,-1,3,2,0
159,10,3,2,3,-1,4,2,0
159,11,4,2,0,-1,4,1,0
159,12,4,1,1,-1,4,2,0
159,13,4,2,1,-1,4,3,0
159,14,4,3,3,-1,5,3,0
159,15,5,3,3,-1,6,3,0
159,16,6,3,3,0,7,3,1
160,0,0,3,0,-1,0,2,0
160,1,0,2,0,-1,0,1,0
160,2,0,1,0,-1,0,0,0
160,3,0,0,3,-1,1,0,0
160,4,1,0,3,-1,2,0,0
160,5,2,0,3,-1,3,0,0
160,6,3,0,1,-1,3,1,0
160,7,3,1,1,-1,3,2,0
160,8,3,2,1,-1,3,3,0
160,9,3,3,3,-1,4,3,0
160,10,4,3,3,-1,5,3,0
160,11,5,3,3,-1,6,3,0
160,12,6,3,3,0,7,3,1
161,0,0,3,0,-1,0,2,0
161,1,0,2,0,-1,0,1,0
161,2,0,1,3,-1,1,1,0
161,3,1,1,0,-1,1,0,0
161,4,1,0,3,-1,2,0,0
161,5,2,0,3,-1,3,0,0
161,6,3,0,3,-1,4,0,0
161,7,4,0,1,-1,4,1,0
161,8,4,1,1,-1,4,2,0
161,9,4,2,1,-1,4,3,0
161,10,4,3,3,-1,5,3,0
161,11,5,3,3,-1,6,3,0
161,12,6,3,3,0,7,3,1
162,0,0,3,3,-1,1,3,0
162,1,1,3,0,-1,1,2,0
162,2,1,2,3,-1,1,2,0
162,3,1,2,0,-1,1,1,0
162,4,1,1,0,-1,1,0,0
162,5,1,0,3,-1,2,0,0
162,6,2,0,3,-1,3,0,0
162,7,3,0,1,-1,3,1,0
162,8,3,1,1,-1,3,2,0
162,9,3,2,3,-1,4,2,0
162,10,4,2,1,-1,4,3,0
162,11,4,3,3,-1,5,3,0
162,12,5,3,3,-1,6,3,0
162,13,6,3,3,0,7,3,1
163,0,0,3,3,-1,1,3,0
163,1,1,3,3,-1,1,3,0
163,2,1,3,1,-1,1,3,0
163,3,1,3,0,-1,1,2,0
163,4,1,2,0,-1,1,1,0
163,5,1,1,0,-1,1,0,0
163,6,1,0,3,-1,2,0,0
163,7,2,0,3,-1,3,0,0
163,8,3,0,1,-1,3,1,0
163,9,3,1,3,-1,4,1,0
163,10,4,1,1,-1,4,2,0
163,11,4,2,0,-1,4,1,0
163,12,4,1,1,-1,4,2,0
163,13,4,2,2,-1,3,2,0
163,14,3,2,1,-1,3,3,0
163,15,3,3,3,-1,4,3,0
163,16,4,3,3,-1,5,3,0
163,17,5,3,3,-1,6,3,0
163,18,6,3,3,0,7,3,1
164,0,0,3,0,-1,0,2,0
164,1,0,2,3,-1,1,2,0
164,2,1,2,0,-1,1,1,0
164,3,1,1,0,-1,1,0,0
164,4,1,0,3,-1,2,0,0
164,5,2,0,2,-1,1,0,0
164,6,1,0,3,-1,2,0,0
164,7,2,0,3,-1,3,0,0
164,8,3,0,1,-1,3,1,0
164,9,3,1,1,-1,3,2,0
164,10,3,2,3,-1,4,2,0
164,11,4,2,1,-1,4,3,0
164,12,4,3,3,-1,5,3,0
164,13,5,3,3,-1,6,3,0
164,14,6,3,3,0,7,3,1
165,0,0,3,0,-1,0,2,0
165,1,0,2,0,-1,0,1,0
165,2,0,1,1,-1,0,2,0
165,3,0,2,0,-1,0,1,0
165,4,0,1,0,-1,0,0,0
165,5,0,0,3,-1,1,0,0
165,6,1,0,3,-1,2,0,0
165,7,2,0,3,-1,3,0,0
165,8,3,0,3,-1,4,0,0
165,9,4,0,1,-1,4,1,0
165,10,4,1,1,-1,4,2,0
165,11,4,2,1,-1,4,3,0
165,12,4,3,3,-1,5,3,0
165,13,5,3,3,-1,6,3,0
165,14,6,3,3,0,7,3,1
166,0,0,3,0,-1,0,2,0
166,1,0,2,3,-1,1,2,0
166,2,1,2,0,-1,1,1,0
166,3,1,1,0,-1,1,0,0
166,4,1,0,3,-1,2,0,0
166,5,2,0,3,-1,3,0,0
166,6,3,0,1,-1,3,1,0
166,7,3,1,1,-1,3,2,0
166,8,3,2,1,-1,3,3,0
166,9,3,3,3,-1,4,3,0
166,10,4,3,3,-1,5,3,0
166,11,5,3,3,-1,6,3,0
166,12,6,3,3,0,7,3,1
167,0,0,3,0,-1,0,2,0
167,1,0,2,0,-1,0,1,0
167,2,0,1,3,-1,1,1,0
167,3,1,1,0,-1,1,0,0
167,4,1,0,3,-1,2,0,0
167,5,2,0,3,-1,3,0,0
167,6,3,0,1,-1,3,1,0
167,7,3,1,3,-1,4,1,0
167,8,4,1,1,-1,4,2,0
167,9,4,2,1,-1,4,3,0
167,10,4,3,3,-1,5,3,0
167,11,5,3,3,-1,6,3,0
167,12,6,3,3,0,7,3,1
168,0,0,3,0,-1,0,2,0
168,1,0,2,0,-1,0,1,0
168,2,0,1,0,-1,0,0,0
168,3,0,0,3,-1,1,0,0
168,4,1,0,3,-1,2,0,0
168,5,2,0,3,-1,3,0,0
168,6,3,0,1,-1,3,1,0
168,7,3,1,1,-1,3,2,0
168,8,3,2,3,-1,4,2,0
168,9,4,2,1,-1,4,3,0
168,10,4,3,3,-1,5,3,0
168,11,5,3,3,-1,6,3,0
168,12,6,3,3,0,7,3,1
169,0,0,3,0,-1,0,2,0
169,1,0,2,0,-1,0,1,0
169,2,0,1,3,-1,1,1,0
169,3,1,1,0,-1,1,0,0
169,4,1,0,3,-1,2,0,0
169,5,2,0,3,-1,3,0,0
169,6,3,0,3,-1,4,0,0
169,7,4,0,1,-1,4,1,0
169,8,4,1,1,-1,4,2,0
169,9,4,2,1,-1,4,3,0
169,10,4,3,2,-1,3,3,0
169,11,3,3,3,-1,4,3,0
169,12,4,3,3,-1,5,3,0
169,13,5,3,3,-1,6,3,0
169,14,6,3,3,0,7,3,1
170,0,0,3,3,-1,1,3,0
170,1,1,3,0,-1,1,2,0
170,2,1,2,0,-1,1,1,0
170,3,1,1,0,-1,1,0,0
170,4,1,0,3,-1,2,0,0
170,5,2,0,1,-1,2,0,0
170,6,2,0,3,-1,3,0,0
170,7,3,0,1,-1,3,1,0
170,8,3,1,3,-1,4,1,0
170,9,4,1,1,-1,4,2,0
170,10,4,2,1,-1,4,3,0
170,11,4,3,3,-1,5,3,0
170,12,5,3,3,-1,6,3,0
170,13,6,3,3,0,7,3,1
171,0,0,3,0,-1,0,2,0
171,1,0,2,3,-1,1,2,0
171,2,1,2,0,-1,1,1,0
171,3,1,1,0,-1,1,0,0
171,4,1,0,3,-1,2,0,0
171,5,2,0,3,-1,3,0,0
171,6,3,0,1,-1,3,1,0
171,7,3,1,1,-1,3,2,0
171,8,3,2,1,-1,3,3,0
171,9,3,3,3,-1,4,3,0
171,10,4,3,3,-1,5,3,0
171,11,5,3,3,-1,6,3,0
171,12,6,3,3,0,7,3,1
172,0,0,3,0,-1,0,2,0
172,1,0,2,0,-1,0,1,0
172,2,0,1,0,-1,0,0,0
172,3,0,0,3,-1,1,0,0
172,4,1,0,3,-1,2,0,0
172,5,2,0,3,-1,3,0,0
172,6,3,0,3,-1,4,0,0
172,7,4,0,1,-1,4,1,0
172,8,4,1,1,-1,4,2,0
172,9,4,2,1,-1,4,3,0
172,10,4,3,3,-1,5,3,0
172,11,5,3,3,-1,6,3,0
172,12,6,3,3,0,7,3,1
173,0,0,3,3,-1,1,3,0
173,1,1,3,0,-1,1,2,0
173,2,1,2,0,-1,1,1,0
173,3,1,1,0,-1,1,0,0
173,4,1,0,3,-1,2,0,0
173,5,2,0,3,-1,3,0,0
173,6,3,0,1,-1,3,1,0
173,7,3,1,1,-1,3,2,0
173,8,3,2,3,-1,4,2,0
173,9,4,2,1,-1,4,3,0
173,10,4,3,3,-1,5,3,0
173,11,5,3,3,-1,6,3,0
173,12,6,3,3,0,7,3,1
174,0,0,3,0,-1,0,2,0
174,1,0,2,0,-1,0,1,0
174,2,0,1,0,-1,0,0,0
174,3,0,0,3,-1,1,0,0
174,4,1,0,3,-1,2,0,0
174,5,2,0,2,-1,1,0,0
174,6,1,0,3,-1,2,0,0
174,7,2,0,1,-1,2,0,0
174,8,2,0,3,-1,3,0,0
174,9,3,0,1,-1,3,1,0
174,10,3,1,3,-1,4,1,0
174,11,4,1,1,-1,4,2,0
174,12,4,2,1,-1,4,3,0
174,13,4,3,3,-1,5,3,0
174,14,5,3,3,-1,6,3,0
174,15,6,3,3,0,7,3,1
175,0,0,3,0,-1,0,2,0
175,1,0,2,3,-1,1,2,0
175,2,1,2,0,-1,1,1,0
175,3,1,1,0,-1,1,0,0
175,4,1,0,3,-1,2,0,0
175,5,2,0,3,-1,3,0,0
175,6,3,0,1,-1,3,1,0
175,7,3,1,1,-1,3,2,0
175,8,3,2,1,-1,3,3,0
175,9,3,3,3,-1,4,3,0
175,10,4,3,1,-1,4,3,0
175,11,4,3,3,-1,5,3,0
175,12,5,3,3,-1,6,3,0
175,13,6,3,3,0,7,3,1
176,0,0,3,0,-1,0,2,0
176,1,0,2,0,-1,0,1,0
176,2,0,1,3,-1,1,1,0
176,3,1,1,3,-1,1,1,0
176,4,1,1,0,-1,1,0,0
176,5,1,0,3,-1,2,0,0
176,6,2,0,3,-1,3,0,0
176,7,3,0,3,-1,4,0,0
176,8,4,0,1,-1,4,1,0
176,9,4,1,1,-1,4,2,0
176,10,4,2,1,-1,4,3,0
176,11,4,3,3,-1,5,3,0
176,12,5,3,3,-1,6,3,0
176,13,6,3,3,0,7,3,1
177,0,0,3,3,-1,1,3,0
177,1,1,3,0,-1,1,2,0
177,2,1,2,2,-1,0,2,0
177,3,0,2,1,-1,0,3,0
177,4,0,3,0,-1,0,2,0
177,5,0,2,0,-1,0,1,0
177,6,0,1,3,-1,1,1,0
177,7,1,1,0,-1,1,0,0
177,8,1,0,3,-1,2,0,0
177,9,2,0,3,-1,3,0,0
177,10,3,0,1,-1,3,1,0
177,11,3,1,1,-1,3,2,0
177,12,3,2,1,-1,3,3,0
177,13,3,3,3,-1,4,3,0
177,14,4,3,3,-1,5,3,0
177,15,5,3,3,-1,6,3,0
177,16,6,3,3,0,7,3,1
178,0,0,3,0,-1,0,2,0
178,1,0,2,3,-1,1,2,0
178,2,1,2,0,-1,1,1,0
178,3,1,1,0,-1,1,0,0
178,4,1,0,3,-1,2,0,0
178,5,2,0,3,-1,3,0,0
178,6,3,0,1,-1,3,1,0
178,7,3,1,3,-1,4,1,0
178,8,4,1,1,-1,4,2,0
178,9,4,2,1,-1,4,3,0
178,10,4,3,3,-1,5,3,0
178,11,5,3,3,-1,6,3,0
178,12,6,3,3,0,7,3,1
179,0,0,3,0,-1,0,2,0
179,1,0,2,0,-1,0,1,0
179,2,0,1,0,-1,0,0,0
179,3,0,0,3,-1,1,0,0
179,4,1,0,3,-1,2,0,0
179,5,2,0,3,-1,3,0,0
179,6,3,0,1,-1,3,1,0
179,7,3,1,1,-1,3,2,0
179,8,3,2,3,-1,4,2,0
179,9,4,2,1,-1,4,3,0
179,10,4,3,3,-1,5,3,0
179,11,5,3,3,-1,6,3,0
179,12,6,3,3,0,7,3,1
180,0,0,3,3,-1,1,3,0
180,1,1,3,0,-1,1,2,0
180,2,1,2,0,-1,1,1,0
180,3,1,1,0,-1,1,0,0
180,4,1,0,3,-1,2,0,0
180,5,2,0,3,-1,3,0,0
180,6,3,0,3,-1,4,0,0
180,7,4,0,1,-1,4,1,0
180,8,4,1,1,-1,4,2,0
180,9,4,2,3,-1,4,2,0
180,10,4,2,1,-1,4,3,0
180,11,4,3,3,-1,5,3,0
180,12,5,3,3,-1,6,3,0
180,13,6,3,3,0,7,3,1
181,0,0,3,0,-1,0,2,0
181,1,0,2,0,-1,0,1,0
181,2,0,1,3,-1,1,1,0
181,3,1,1,0,-1,1,0,0
181,4,1,0,3,-1,2,0,0
181,5,2,0,3,-1,3,0,0
181,6,3,0,1,-1,3,1,0
181,7,3,1,1,-1,3,2,0
181,8,3,2,1,-1,3,3,0
181,9,3,3,3,-1,4,3,0
181,10,4,3,3,-1,5,3,0
181,11,5,3,3,-1,6,3,0
181,12,6,3,3,0,7,3,1
182,0,0,3,0,-1,0,2,0
182,1,0,2,2,-1,0,2,0
182,2,0,2,3,-1,1,2,0
182,3,1,2,2,-1,0,2,0
182,4,0,2,0,-1,0,1,0
182,5,0,1,0,-1,0,0,0
182,6,0,0,3,-1,1,0,0
182,7,1,0,0,-1,1,0,0
182,8,1,0,3,-1,2,0,0
182,9,2,0,3,-1,3,0,0
182,10,3,0,1,-1,3,1,0
182,11,3,1,3,-1,4,1,0
182,12,4,1,1,-1,4,2,0
182,13,4,2,1,-1,4,3,0
182,14,4,3,3,-1,5,3,0
182,15,5,3,3,-1,6,3,0
182,16,6,3,3,0,7,3,1
183,0,0,3,0,-1,0,2,0
183,1,0,2,0,-1,0,1,0
183,2,0,1,0,-1,0,0,0
183,3,0,0,3,-1,1,0,0
183,4,1,0,3,-1,2,0,0
183,5,2,0,3,-1,3,0,0
183,6,3,0,1,-1,3,1,0
183,7,3,1,1,-1,3,2,0
183,8,3,2,3,-1,4,2,0
183,9,4,2,1,-1,4,3,0
183,10,4,3,3,-1,5,3,0
183,11,5,3,3,-1,6,3,0
183,12,6,3,3,0,7,3,1
184,0,0,3,3,-1,1,3,0
184,1,1,3,0,-1,1,2,0
184,2,1,2,0,-1,1,1,0
184,3,1,1,0,-1,1,0,0
184,4,1,0,3,-1,2,0,0
184,5,2,0,2,-1,1,0,0
184,6,1,0,3,-1,2,0,0
184,7,2,0,3,-1,3,0,0
184,8,3,0,3,-1,4,0,0
184,9,4,0,1,-1,4,1,0
184,10,4,1,1,-1,4,2,0
184,11,4,2,1,-1,4,3,0
184,12,4,3,3,-1,5,3,0
184,13,5,3,3,-1,6,3,0
184,14,6,3,3,0,7,3,1
185,0,0,3,0,-1,0,2,0
185,1,0,2,3,-1,1,2,0
185,2,1,2,3,-1,1,2,0
185,3,1,2,0,-1,1,1,0
185,4,1,1,0,-1,1,0,0
185,5,1,0,3,-1,2,0,0
185,6,2,0,3,-1,3,0,0
185,7,3,0,1,-1,3,1,0
185,8,3,1,1,-1,3,2,0
185,9,3,2,1,-1,3,3,0
185,10,3,3,3,-1,4,3,0
185,11,4,3,3,-1,5,3,0
185,12,5,3,3,-1,6,3,0
185,13,6,3,3,0,7,3,1
186,0,0,3,0,-1,0,2,0
186,1,0,2,0,-1,0,1,0
186,2,0,1,3,-1,1,1,0
186,3,1,1,0,-1,1,0,0
186,4,1,0,3,-1,2,0,0
186,5,2,0,3,-1,3,0,0
186,6,3,0,1,-1,3,1,0
186,7,3,1,3,-1,4,1,0
186,8,4,1,1,-1,4,2,0
186,9,4,2,1,-1,4,3,0
186,10,4,3,3,-1,5,3,0
186,11,5,3,3,-1,6,3,0
186,12,6,3,3,0,7,3,1
187,0,0,3,3,-1,1,3,0
187,1,1,3,0,-1,1,2,0
187,2,1,2,0,-1,1,1,0
187,3,1,1,0,-1,1,0,0
187,4,1,0,2,-1,0,0,0
187,5,0,0,3,-1,1,0,0
187,6,1,0,3,-1,2,0,0
187,7,2,0,3,-1,3,0,0
187,8,3,0,1,-1,3,1,0
187,9,3,1,1,-1,3,2,0
187,10,3,2,3,-1,4,2,0
187,11,4,2,1,-1,4,3,0
187,12,4,3,3,-1,5,3,0
187,13,5,3,3,-1,6,3,0
187,14,6,3,3,0,7,3,1
188,0,0,3,0,-1,0,2,0
188,1,0,2,0,-1,0,1,0
188,2,0,1,0,-1,0,0,0
188,3,0,0,3,-1,1,0,0
188,4,1,0,3,-1,2,0,0
188,5,2,0,3,-1,3,0,0
188,6,3,0,3,-1,4,0,0
188,7,4,0,1,-1,4,1,0
188,8,4,1,1,-1,4,2,0
188,9,4,2,1,-1,4,3,0
188,10,4,3,3,-1,5,3,0
188,11,5,3,3,-1,6,3,0
188,12,6,3,3,0,7,3,1
189,0,0,3,0,-1,0,2,0
189,1,0,2,0,-1,0,1,0
189,2,0,1,3,-1,1,1,0
189,3,1,1,0,-1,1,0,0
189,4,1,0,3,-1,2,0,0
189,5,2,0,3,-1,3,0,0
189,6,3,0,1,-1,3,1,0
189,7,3,1,1,-1,3,2,0
189,8,3,2,1,-1,3,3,0
189,9,3,3,3,-1,4,3,0
189,10,4,3,3,-1,5,3,0
189,11,5,3,3,-1,6,3,0
189,12,6,3,3,0,7,3,1
190,0,0,3,3,-1,1,3,0
190,1,1,3,0,-1,1,2,0
190,2,1,2,0,-1,1,1,0
190,3,1,1,0,-1,1,0,0
190,4,1,0,3,-1,2,0,0
190,5,2,0,2,-1,1,0,0
190,6,1,0,3,-1,2,0,0
190,7,2,0,3,-1,3,0,0
190,8,3,0,1,-1,3,1,0
190,9,3,1,3,-1,4,1,0
190,10,4,1,1,-1,4,2,0
190,11,4,2,1,-1,4,3,0
190,12,4,3,3,-1,5,3,0
190,13,5,3,3,-1,6,3,0
190,14,6,3,3,0,7,3,1
191,0,0,3,0,-1,0,2,0
191,1,0,2,1,-1,0,3,0
191,2,0,3,0,-1,0,2,0
191,3,0,2,3,-1,1,2,0
191,4,1,2,0,-1,1,1,0
191,5,1,1,0,-1,1,0,0
191,6,1,0,3,-1,2,0,0
191,7,2,0,0,-1,2,0,0
191,8,2,0,3,-1,3,0,0
191,9,3,0,3,-1,4,0,0
191,10,4,0,1,-1,4,1,0
191,11,4,1,2,-1,3,1,0
191,12,3,1,1,-1,3,2,0
191,13,3,2,3,-1,4,2,0
191,14,4,2,1,-1,4,3,0
191,15,4,3,3,-1,5,3,0
191,16,5,3,3,-1,6,3,0
191,17,6,3,3,0,7,3,1
192,0,0,3,0,-1,0,2,0
192,1,0,2,0,-1,0,1,0
192,2,0,1,0,-1,0,0,0
192,3,0,0,3,-1,1,0,0
192,4,1,0,3,-1,2,0,0
192,5,2,0,3,-1,3,0,0
192,6,3,0,0,-1,3,0,0
192,7,3,0,1,-1,3,1,0
192,8,3,1,1,-1,3,2,0
192,9,3,2,1,-1,3,3,0
192,10,3,3,3,-1,4,3,0
192,11,4,3,3,-1,5,3,0
192,12,5,3,3,-1,6,3,0
192,13,6,3,3,0,7,3,1
193,0,0,3,0,-1,0,2,0
193,1,0,2,0,-1,0,1,0
193,2,0,1,3,-1,1,1,0
193,3,1,1,0,-1,1,0,0
193,4,1,0,3,-1,2,0,0
193,5,2,0,3,-1,3,0,0
193,6,3,0,1,-1,3,1,0
193,7,3,1,3,-1,4,1,0
193,8,4,1,1,-1,4,2,0
193,9,4,2,1,-1,4,3,0
193,10,4,3,3,-1,5,3,0
193,11,5,3,3,-1,6,3,0
193,12,6,3,3,0,7,3,1
194,0,0,3,3,-1,1,3,0
194,1,1,3,0,-1,1,2,0
194,2,1,2,0,-1,1,1,0
194,3,1,1,0,-1,1,0,0
194,4,1,0,3,-1,2,0,0
194,5,2,0,3,-1,3,0,0
194,6,3,0,1,-1,3,1,0
194,7,3,1,2,-1,3,1,0
194,8,3,1,1,-1,3,2,0
194,9,3,2,3,-1,4,2,0
194,10,4,2,1,-1,4,3,0
194,11,4,3,3,-1,5,3,0
194,12,5,3,2,-1,4,3,0
194,13,4,3,3,-1,5,3,0
194,14,5,3,3,-1,6,3,0
194,15,6,3,3,0,7,3,1
195,0,0,3,0,-1,0,2,0
195,1,0,2,3,-1,1,2,0
195,2,1,2,0,-1,1,1,0
195,3,1,1,0,-1,1,0,0
195,4,1,0,3,-1,2,0,0
195,5,2,0,3,-1,3,0,0
195,6,3,0,3,-1,4,0,0
195,7,4,0,1,-1,4,1,0
195,8,4,1,1,-1,4,2,0
195,9,4,2,1,-1,4,3,0
195,10,4,3,3,-1,5,3,0
195,11,5,3,3,-1,6,3,0
195,12,6,3,3,0,7,3,1
196,0,0,3,2,-1,0,3,0
196,1,0,3,0,-1,0,2,0
196,2,0,2,0,-1,0,1,0
196,3,0,1,0,-1,0,0,0
196,4,0,0,3,-1,1,0,0
196,5,1,0,3,-1,2,0,0
196,6,2,0,3,-1,3,0,0
196,7,3,0,0,-1,3,0,0
196,8,3,0,1,-1,3,1,0
196,9,3,1,1,-1,3,2,0
196,10,3,2,1,-1,3,3,0
196,11,3,3,3,-1,4,3,0
196,12,4,3,3,-1,5,3,0
196,13,5,3,3,-1,6,3,0
196,14,6,3,3,0,7,3,1
197,0,0,3,0,-1,0,2,0
197,1,0,2,3,-1,1,2,0
197,2,1,2,3,-1,1,2,0
197,3,1,2,0,-1,1,1,0
197,4,1,1,0,-1,1,0,0
197,5,1,0,3,-1,2,0,0
197,6,2,0,3,-1,3,0,0
197,7,3,0,1,-1,3,1,0
197,8,3,1,3,-1,4,1,0
197,9,4,1,1,-1,4,2,0
197,10,4,2,1,-1,4,3,0
197,11,4,3,3,-1,5,3,0
197,12,5,3,3,-1,6,3,0
197,13,6,3,3,0,7,3,1
198,0,0,3,3,-1,1,3,0
198,1,1,3,0,-1,1,2,0
198,2,1,2,0,-1,1,1,0
198,3,1,1,0,-1,1,0,0
198,4,1,0,3,-1,2,0,0
198,5,2,0,3,-1,3,0,0
198,6,3,0,3,-1,4,0,0
198,7,4,0,1,-1,4,1,0
198,8,4,1,1,-1,4,2,0
198,9,4,2,1,-1,4,3,0
198,10,4,3,3,-1,5,3,0
198,11,5,3,3,-1,6,3,0
198,12,6,3,3,0,7,3,1
199,0,0,3,0,-1,0,2,0
199,1,0,2,0,-1,0,1,0
199,2,0,1,3,-1,1,1,0
199,3,1,1,0,-1,1,0,0
199,4,1,0,3,-1,2,0,0
199,5,2,0,3,-1,3,0,0
199,6,3,0,1,-1,3,1,0
199,7,3,1,1,-1,3,2,0
199,8,3,2,3,-1,4,2,0
199,9,4,2,1,-1,4,3,0
199,10,4,3,3,-1,5,3,0
199,11,5,3,0,-1,5,3,0
199,12,5,3,3,-1,6,3,0
199,13,6,3,3,0,7,3,1
